"node_from","node_to","management"
11,105,"E"
77,317,"E"
77,202,"E"
78,123,"E"
26,183,"E"
20,123,"E"
20,126,"E"
26,318,"E"
76,276,"E"
26,144,"E"
76,322,"E"
20,279,"E"
61,278,"E"
61,190,"E"
61,318,"E"
61,186,"E"
61,282,"E"
61,203,"E"
61,317,"E"
26,232,"E"
61,232,"E"
61,276,"E"
95,295,"E"
95,112,"E"
95,126,"E"
11,232,"E"
61,343,"E"
99,358,"E"
11,349,"E"
28,363,"E"
98,358,"E"
78,348,"E"
77,348,"E"
66,354,"E"
38,343,"E"
97,358,"E"
44,357,"E"
19,354,"E"
44,358,"E"
97,351,"E"
26,361,"E"
33,341,"E"
28,344,"E"
358,376,"E"
358,377,"E"
358,368,"E"
343,367,"E"
358,367,"E"
358,378,"E"
358,374,"E"
358,369,"E"
358,365,"E"
358,381,"E"
358,380,"E"
361,374,"E"
358,370,"E"
341,381,"E"
343,377,"E"
343,380,"E"
343,376,"E"
361,372,"E"
26,445,"E"
26,438,"E"
26,422,"E"
26,467,"E"
26,470,"E"
98,470,"E"
28,470,"E"
28,421,"E"
28,439,"E"
98,445,"E"
19,469,"E"
99,412,"E"
77,417,"E"
77,445,"E"
26,421,"E"
77,470,"E"
77,471,"E"
26,437,"E"
26,447,"E"
44,467,"E"
26,415,"E"
14,421,"E"
86,410,"E"
64,463,"E"
64,445,"E"
64,435,"E"
77,425,"E"
77,422,"E"
64,438,"E"
64,447,"E"
17,410,"E"
17,421,"E"
77,467,"E"
28,445,"E"
26,455,"E"
11,469,"E"
94,445,"E"
77,458,"E"
11,440,"E"
11,419,"E"
94,429,"E"
11,445,"E"
94,457,"E"
94,438,"E"
44,433,"E"
26,441,"E"
28,389,"E"
26,397,"E"
26,465,"E"
14,430,"E"
77,455,"E"
96,445,"E"
17,467,"E"
96,438,"E"
95,469,"E"
95,445,"E"
95,422,"E"
95,438,"E"
44,438,"E"
44,425,"E"
26,401,"E"
26,469,"E"
26,389,"E"
26,394,"E"
26,390,"E"
28,433,"E"
26,425,"E"
26,426,"E"
14,482,"E"
14,483,"E"
14,486,"E"
482,534,"E"
483,534,"E"
486,534,"E"
482,540,"E"
483,540,"E"
486,540,"E"
4,508,"E"
5,508,"E"
7,508,"E"
11,508,"E"
12,508,"E"
14,508,"E"
30,508,"E"
33,508,"E"
36,508,"E"
39,508,"E"
44,508,"E"
47,508,"E"
49,508,"E"
57,508,"E"
59,508,"E"
67,508,"E"
72,508,"E"
80,508,"E"
82,508,"E"
99,508,"E"
11,326,"E"
77,259,"E"
78,308,"E"
11,179,"E"
11,164,"E"
11,141,"E"
47,179,"E"
61,179,"E"
47,193,"E"
76,179,"E"
26,166,"E"
26,228,"E"
26,179,"E"
38,179,"E"
26,198,"E"
61,128,"E"
61,264,"E"
61,244,"E"
61,303,"E"
61,164,"E"
20,164,"E"
61,247,"E"
61,196,"E"
28,131,"E"
61,259,"E"
28,244,"E"
11,259,"E"
61,138,"E"
62,259,"E"
61,248,"E"
47,138,"E"
26,237,"E"
61,286,"E"
61,209,"E"
61,285,"E"
26,164,"E"
24,181,"E"
61,249,"E"
61,302,"E"
61,252,"E"
61,250,"E"
61,173,"E"
61,132,"E"
95,196,"E"
17,223,"E"
11,249,"E"
11,255,"E"
26,142,"E"
11,143,"E"
11,138,"E"
11,222,"E"
11,158,"E"
11,170,"E"
11,266,"E"
11,140,"E"
11,304,"E"
11,303,"E"
61,301,"E"
32,519,"E"
32,524,"E"
95,514,"E"
91,516,"E"
95,516,"E"
61,517,"E"
14,523,"E"
95,523,"E"
14,513,"E"
28,513,"E"
26,514,"E"
28,514,"E"
28,516,"E"
26,517,"E"
28,517,"E"
28,519,"E"
28,523,"E"
61,523,"E"
11,525,"E"
14,525,"E"
26,525,"E"
28,525,"E"
26,522,"E"
4,495,"E"
4,496,"E"
4,497,"E"
4,498,"E"
4,499,"E"
4,500,"E"
4,501,"E"
4,502,"E"
4,503,"E"
4,504,"E"
4,505,"E"
5,496,"E"
5,497,"E"
5,498,"E"
5,499,"E"
5,501,"E"
5,504,"E"
7,496,"E"
7,497,"E"
7,498,"E"
7,499,"E"
7,500,"E"
7,501,"E"
7,502,"E"
7,503,"E"
7,504,"E"
8,496,"E"
8,497,"E"
8,498,"E"
8,499,"E"
8,501,"E"
8,504,"E"
8,505,"E"
11,497,"E"
11,499,"E"
11,500,"E"
11,501,"E"
11,502,"E"
11,504,"E"
11,505,"E"
12,495,"E"
12,496,"E"
12,497,"E"
12,498,"E"
12,499,"E"
12,500,"E"
12,501,"E"
12,502,"E"
12,503,"E"
12,504,"E"
12,505,"E"
13,499,"E"
13,502,"E"
13,504,"E"
13,505,"E"
14,496,"E"
14,497,"E"
14,498,"E"
14,499,"E"
14,500,"E"
14,502,"E"
14,503,"E"
14,504,"E"
16,496,"E"
16,497,"E"
16,498,"E"
16,499,"E"
16,500,"E"
16,503,"E"
16,504,"E"
16,505,"E"
17,497,"E"
17,500,"E"
19,496,"E"
19,497,"E"
19,498,"E"
19,499,"E"
19,500,"E"
19,503,"E"
19,504,"E"
19,505,"E"
20,495,"E"
20,497,"E"
20,498,"E"
20,502,"E"
23,496,"E"
23,497,"E"
23,498,"E"
23,499,"E"
23,500,"E"
23,501,"E"
23,503,"E"
23,504,"E"
23,505,"E"
24,496,"E"
24,502,"E"
24,503,"E"
24,504,"E"
26,495,"E"
26,497,"E"
26,498,"E"
26,499,"E"
26,500,"E"
26,501,"E"
26,502,"E"
26,504,"E"
26,505,"E"
28,496,"E"
28,497,"E"
28,498,"E"
28,499,"E"
28,502,"E"
28,504,"E"
28,505,"E"
30,499,"E"
30,504,"E"
32,496,"E"
32,497,"E"
32,498,"E"
32,499,"E"
32,500,"E"
32,501,"E"
32,503,"E"
32,504,"E"
32,505,"E"
33,495,"E"
33,496,"E"
33,497,"E"
33,498,"E"
33,499,"E"
33,500,"E"
33,501,"E"
33,502,"E"
33,503,"E"
33,504,"E"
33,505,"E"
36,500,"E"
36,501,"E"
36,502,"E"
36,504,"E"
36,505,"E"
38,497,"E"
38,498,"E"
38,503,"E"
38,504,"E"
41,495,"E"
41,504,"E"
44,495,"E"
44,496,"E"
44,497,"E"
44,498,"E"
44,499,"E"
44,500,"E"
44,501,"E"
44,502,"E"
44,503,"E"
44,504,"E"
44,505,"E"
45,496,"E"
45,497,"E"
45,498,"E"
45,499,"E"
45,500,"E"
45,501,"E"
45,503,"E"
45,504,"E"
46,496,"E"
46,497,"E"
46,498,"E"
46,499,"E"
46,504,"E"
46,505,"E"
47,496,"E"
47,499,"E"
47,500,"E"
47,501,"E"
47,502,"E"
47,503,"E"
47,505,"E"
48,496,"E"
48,497,"E"
48,498,"E"
48,499,"E"
48,504,"E"
48,505,"E"
49,496,"E"
49,497,"E"
49,498,"E"
49,499,"E"
49,501,"E"
49,504,"E"
51,495,"E"
51,496,"E"
51,504,"E"
56,496,"E"
56,497,"E"
56,498,"E"
56,499,"E"
56,500,"E"
56,501,"E"
56,503,"E"
57,495,"E"
57,496,"E"
57,497,"E"
57,498,"E"
57,499,"E"
57,500,"E"
57,501,"E"
57,502,"E"
57,503,"E"
57,504,"E"
57,505,"E"
59,496,"E"
59,501,"E"
59,503,"E"
59,504,"E"
59,505,"E"
61,496,"E"
61,497,"E"
61,498,"E"
61,499,"E"
61,504,"E"
61,505,"E"
62,495,"E"
62,497,"E"
62,498,"E"
62,499,"E"
62,500,"E"
62,502,"E"
62,504,"E"
64,496,"E"
64,497,"E"
64,498,"E"
64,499,"E"
64,500,"E"
64,501,"E"
64,502,"E"
64,503,"E"
64,504,"E"
64,505,"E"
67,495,"E"
67,496,"E"
67,497,"E"
67,498,"E"
67,499,"E"
67,500,"E"
67,501,"E"
67,502,"E"
67,503,"E"
67,504,"E"
67,505,"E"
72,496,"E"
72,497,"E"
72,498,"E"
72,499,"E"
72,500,"E"
72,501,"E"
72,503,"E"
72,504,"E"
76,497,"E"
76,499,"E"
76,500,"E"
76,504,"E"
77,496,"E"
77,497,"E"
77,498,"E"
77,499,"E"
77,503,"E"
77,504,"E"
77,505,"E"
78,496,"E"
78,497,"E"
78,498,"E"
78,499,"E"
78,501,"E"
78,502,"E"
78,504,"E"
78,505,"E"
80,495,"E"
80,497,"E"
80,498,"E"
80,500,"E"
80,503,"E"
80,505,"E"
81,502,"E"
81,504,"E"
86,495,"E"
86,497,"E"
86,500,"E"
91,496,"E"
91,497,"E"
91,498,"E"
91,499,"E"
91,500,"E"
91,501,"E"
91,503,"E"
91,504,"E"
91,505,"E"
99,495,"E"
99,496,"E"
99,497,"E"
99,498,"E"
99,499,"E"
99,500,"E"
99,501,"E"
99,502,"E"
99,503,"E"
99,504,"E"
99,505,"E"
3,276,"E"
3,318,"E"
3,124,"E"
14,124,"E"
14,323,"E"
26,212,"E"
26,295,"E"
14,112,"E"
54,345,"E"
44,435,"E"
28,426,"E"
44,471,"E"
26,457,"E"
28,452,"E"
28,425,"E"
44,389,"E"
44,457,"E"
44,445,"E"
26,435,"E"
26,433,"E"
26,446,"E"
14,445,"E"
44,462,"E"
28,454,"E"
28,451,"E"
44,461,"E"
44,447,"E"
44,423,"E"
44,422,"E"
54,436,"E"
44,412,"E"
44,470,"E"
44,453,"E"
28,407,"E"
14,457,"E"
26,471,"E"
54,426,"E"
54,445,"E"
14,423,"E"
44,401,"E"
28,492,"E"
14,484,"E"
78,493,"E"
78,494,"E"
492,530,"E"
494,530,"E"
484,534,"E"
484,540,"E"
484,542,"E"
484,543,"E"
26,248,"E"
26,303,"E"
14,246,"E"
26,258,"E"
26,131,"E"
26,101,"E"
26,230,"E"
25,303,"E"
25,163,"E"
25,167,"E"
25,151,"E"
25,152,"E"
25,283,"E"
26,195,"E"
25,254,"E"
26,210,"E"
26,335,"E"
26,193,"E"
26,259,"E"
26,173,"E"
2,237,"E"
26,240,"E"
26,247,"E"
26,215,"E"
14,267,"E"
26,255,"E"
26,139,"E"
14,512,"E"
14,522,"E"
48,519,"E"
28,521,"E"
28,524,"E"
48,524,"E"
14,515,"E"
32,516,"E"
32,522,"E"
32,526,"E"
28,520,"E"
508,545,"E"
508,548,"E"
508,549,"E"
2,496,"E"
2,497,"E"
2,498,"E"
2,499,"E"
2,504,"E"
10,496,"E"
10,499,"E"
10,500,"E"
10,501,"E"
10,502,"E"
10,503,"E"
10,505,"E"
25,496,"E"
25,497,"E"
25,498,"E"
25,499,"E"
25,500,"E"
25,501,"E"
25,503,"E"
25,505,"E"
27,496,"E"
27,499,"E"
27,504,"E"
54,496,"E"
54,497,"E"
54,498,"E"
54,499,"E"
54,500,"E"
54,501,"E"
54,503,"E"
54,505,"E"
58,496,"E"
58,497,"E"
58,498,"E"
58,499,"E"
58,504,"E"
63,496,"E"
63,497,"E"
63,498,"E"
63,499,"E"
63,504,"E"
63,505,"E"
71,496,"E"
71,503,"E"
71,504,"E"
71,505,"E"
75,496,"E"
75,497,"E"
75,498,"E"
75,499,"E"
75,504,"E"
14,236,"E"
14,123,"E"
14,126,"E"
14,190,"E"
14,127,"E"
26,231,"E"
69,343,"E"
44,351,"E"
28,362,"E"
14,337,"E"
361,376,"E"
337,365,"E"
28,464,"E"
28,435,"E"
28,471,"E"
44,455,"E"
26,396,"E"
14,447,"E"
28,438,"E"
26,287,"E"
26,270,"E"
78,255,"E"
26,306,"E"
26,305,"E"
26,197,"E"
26,224,"E"
26,129,"E"
26,299,"E"
26,291,"E"
19,327,"E"
14,113,"E"
14,101,"E"
26,171,"E"
14,303,"E"
26,213,"E"
14,179,"E"
26,320,"E"
14,284,"E"
14,302,"E"
28,313,"E"
14,314,"E"
28,515,"E"
60,496,"E"
60,499,"E"
60,500,"E"
60,502,"E"
60,504,"E"
25,279,"E"
54,281,"E"
25,276,"E"
14,276,"E"
28,318,"E"
28,279,"E"
28,219,"E"
7,280,"E"
28,124,"E"
7,124,"E"
7,183,"E"
53,276,"E"
71,274,"E"
71,233,"E"
71,276,"E"
7,276,"E"
7,112,"E"
7,126,"E"
28,123,"E"
7,187,"E"
26,276,"E"
26,234,"E"
49,276,"E"
7,322,"E"
7,123,"E"
7,279,"E"
7,318,"E"
51,122,"E"
25,183,"E"
7,233,"E"
49,124,"E"
19,276,"E"
85,243,"E"
85,233,"E"
85,183,"E"
85,276,"E"
7,350,"E"
80,352,"E"
5,356,"E"
13,340,"E"
73,359,"E"
80,342,"E"
352,365,"E"
356,381,"E"
352,376,"E"
356,378,"E"
350,365,"E"
25,448,"E"
26,436,"E"
54,399,"E"
37,404,"E"
78,439,"E"
25,438,"E"
25,461,"E"
5,387,"E"
44,444,"E"
78,438,"E"
55,445,"E"
44,475,"E"
44,430,"E"
44,434,"E"
44,409,"E"
7,424,"E"
7,387,"E"
28,408,"E"
28,391,"E"
54,448,"E"
5,424,"E"
7,422,"E"
5,404,"E"
45,430,"E"
33,388,"E"
33,404,"E"
49,384,"E"
5,393,"E"
5,443,"E"
54,430,"E"
5,459,"E"
49,476,"E"
78,491,"E"
491,537,"E"
493,537,"E"
1,507,"E"
1,508,"E"
1,509,"E"
1,510,"E"
5,507,"E"
5,510,"E"
7,507,"E"
7,509,"E"
7,510,"E"
12,510,"E"
33,507,"E"
33,509,"E"
33,510,"E"
34,508,"E"
34,510,"E"
36,507,"E"
36,509,"E"
36,510,"E"
40,507,"E"
40,508,"E"
40,509,"E"
40,510,"E"
44,507,"E"
44,509,"E"
44,510,"E"
45,508,"E"
45,510,"E"
49,507,"E"
49,509,"E"
49,510,"E"
50,507,"E"
50,508,"E"
50,510,"E"
51,507,"E"
51,508,"E"
51,509,"E"
51,510,"E"
53,508,"E"
53,510,"E"
59,507,"E"
59,510,"E"
64,507,"E"
64,508,"E"
64,510,"E"
72,510,"E"
73,507,"E"
73,508,"E"
73,509,"E"
73,510,"E"
80,510,"E"
82,507,"E"
82,509,"E"
82,510,"E"
54,303,"E"
25,289,"E"
25,192,"E"
25,304,"E"
54,134,"E"
54,235,"E"
54,152,"E"
54,193,"E"
54,221,"E"
54,151,"E"
54,189,"E"
25,241,"E"
25,324,"E"
54,244,"E"
25,100,"E"
25,176,"E"
25,193,"E"
25,107,"E"
25,164,"E"
25,201,"E"
25,129,"E"
25,239,"E"
25,291,"E"
54,117,"E"
25,179,"E"
13,305,"E"
7,179,"E"
28,218,"E"
28,260,"E"
28,303,"E"
22,303,"E"
73,259,"E"
63,259,"E"
71,179,"E"
25,120,"E"
25,214,"E"
49,198,"E"
25,103,"E"
71,251,"E"
71,121,"E"
71,120,"E"
54,199,"E"
54,103,"E"
54,138,"E"
54,179,"E"
71,131,"E"
54,111,"E"
25,265,"E"
26,100,"E"
25,290,"E"
28,169,"E"
28,329,"E"
7,294,"E"
7,285,"E"
7,306,"E"
28,296,"E"
7,259,"E"
28,271,"E"
28,259,"E"
49,136,"E"
49,303,"E"
49,169,"E"
49,151,"E"
7,216,"E"
28,129,"E"
7,141,"E"
25,263,"E"
25,137,"E"
25,262,"E"
25,131,"E"
25,182,"E"
25,180,"E"
25,272,"E"
25,174,"E"
25,177,"E"
7,138,"E"
7,229,"E"
28,227,"E"
7,159,"E"
54,305,"E"
7,248,"E"
3,164,"E"
73,103,"E"
73,184,"E"
73,104,"E"
73,133,"E"
74,104,"E"
5,303,"E"
7,296,"E"
7,158,"E"
7,307,"E"
7,334,"E"
85,161,"E"
85,275,"E"
85,296,"E"
7,162,"E"
85,307,"E"
85,321,"E"
6,519,"E"
7,511,"E"
28,511,"E"
7,513,"E"
7,517,"E"
7,520,"E"
7,525,"E"
78,511,"E"
78,513,"E"
85,513,"E"
78,514,"E"
78,516,"E"
78,517,"E"
7,519,"E"
78,519,"E"
78,520,"E"
7,524,"E"
78,524,"E"
15,525,"E"
78,525,"E"
71,516,"E"
7,526,"E"
507,545,"E"
507,546,"E"
508,546,"E"
508,547,"E"
508,550,"E"
510,544,"E"
510,545,"E"
510,546,"E"
510,548,"E"
34,496,"E"
34,497,"E"
34,498,"E"
34,499,"E"
34,500,"E"
34,501,"E"
34,503,"E"
40,501,"E"
52,496,"E"
52,499,"E"
52,500,"E"
52,501,"E"
52,503,"E"
52,504,"E"
52,505,"E"
53,499,"E"
53,504,"E"
73,496,"E"
73,497,"E"
73,498,"E"
73,499,"E"
73,504,"E"
74,496,"E"
74,497,"E"
74,498,"E"
74,499,"E"
74,500,"E"
74,501,"E"
74,503,"E"
74,505,"E"
70,186,"E"
70,276,"E"
70,322,"E"
70,318,"E"
70,317,"E"
70,187,"E"
70,190,"E"
70,316,"E"
78,124,"E"
77,318,"E"
77,112,"E"
28,202,"E"
49,105,"E"
70,188,"E"
78,112,"E"
28,232,"E"
79,339,"E"
49,347,"E"
50,353,"E"
347,376,"E"
358,379,"E"
44,441,"E"
44,466,"E"
44,469,"E"
44,411,"E"
44,446,"E"
44,456,"E"
44,432,"E"
28,469,"E"
26,403,"E"
28,461,"E"
28,405,"E"
33,400,"E"
5,469,"E"
5,429,"E"
5,422,"E"
5,447,"E"
49,422,"E"
49,469,"E"
80,469,"E"
28,455,"E"
77,406,"E"
10,508,"E"
12,509,"E"
16,510,"E"
88,179,"E"
59,179,"E"
70,244,"E"
70,128,"E"
70,226,"E"
70,235,"E"
70,185,"E"
70,311,"E"
70,227,"E"
70,206,"E"
70,245,"E"
70,225,"E"
70,288,"E"
70,135,"E"
28,179,"E"
28,294,"E"
28,156,"E"
90,172,"E"
88,285,"E"
19,244,"E"
35,179,"E"
35,293,"E"
26,138,"E"
26,141,"E"
78,179,"E"
54,150,"E"
49,152,"E"
49,283,"E"
49,248,"E"
49,228,"E"
49,164,"E"
49,268,"E"
19,331,"E"
26,283,"E"
19,179,"E"
54,178,"E"
54,325,"E"
54,238,"E"
26,333,"E"
26,220,"E"
26,256,"E"
70,513,"E"
78,521,"E"
509,544,"E"
509,546,"E"
84,496,"E"
84,497,"E"
84,498,"E"
84,499,"E"
84,500,"E"
84,501,"E"
84,503,"E"
84,505,"E"
14,122,"E"
26,277,"E"
61,188,"E"
61,322,"E"
61,211,"E"
78,126,"E"
61,315,"E"
86,355,"E"
77,364,"E"
14,360,"E"
364,365,"E"
337,369,"E"
337,377,"E"
337,376,"E"
337,381,"E"
337,378,"E"
337,371,"E"
360,365,"E"
360,376,"E"
61,308,"E"
61,189,"E"
61,265,"E"
14,300,"E"
26,150,"E"
26,222,"E"
26,165,"E"
14,109,"E"
14,125,"E"
11,317,"E"
44,345,"E"
361,373,"E"
28,457,"E"
18,445,"E"
18,470,"E"
18,404,"E"
18,467,"E"
26,450,"E"
14,469,"E"
31,442,"E"
14,464,"E"
60,485,"E"
14,478,"E"
478,534,"E"
492,536,"E"
478,540,"E"
478,542,"E"
482,542,"E"
486,542,"E"
478,543,"E"
482,543,"E"
486,543,"E"
31,179,"E"
31,258,"E"
31,259,"E"
31,303,"E"
26,308,"E"
26,293,"E"
26,201,"E"
26,292,"E"
26,313,"E"
2,297,"E"
2,217,"E"
2,208,"E"
2,327,"E"
26,327,"E"
2,298,"E"
26,297,"E"
2,164,"E"
2,259,"E"
2,114,"E"
2,200,"E"
26,154,"E"
2,129,"E"
14,283,"E"
14,304,"E"
26,304,"E"
26,252,"E"
14,158,"E"
26,209,"E"
61,304,"E"
26,114,"E"
28,512,"E"
75,517,"E"
31,525,"E"
14,518,"E"
7,122,"E"
54,336,"E"
54,187,"E"
54,146,"E"
65,322,"E"
65,243,"E"
21,124,"E"
3,191,"E"
28,126,"E"
3,232,"E"
85,148,"E"
28,183,"E"
85,277,"E"
28,112,"E"
85,149,"E"
28,145,"E"
85,147,"E"
7,243,"E"
61,157,"E"
89,124,"E"
61,106,"E"
10,322,"E"
22,186,"E"
22,112,"E"
87,354,"E"
68,343,"E"
343,369,"E"
343,381,"E"
358,366,"E"
363,376,"E"
358,382,"E"
27,404,"E"
78,462,"E"
44,413,"E"
54,438,"E"
78,470,"E"
44,452,"E"
83,392,"E"
83,418,"E"
27,431,"E"
54,474,"E"
54,395,"E"
21,445,"E"
21,425,"E"
14,426,"E"
54,422,"E"
28,494,"E"
78,479,"E"
78,488,"E"
21,481,"E"
14,477,"E"
14,487,"E"
14,489,"E"
14,490,"E"
78,480,"E"
477,527,"E"
482,527,"E"
483,527,"E"
484,527,"E"
486,527,"E"
487,527,"E"
489,527,"E"
490,527,"E"
479,528,"E"
480,528,"E"
488,528,"E"
493,528,"E"
494,528,"E"
479,529,"E"
480,529,"E"
488,529,"E"
493,529,"E"
494,529,"E"
493,531,"E"
494,531,"E"
479,532,"E"
480,532,"E"
488,532,"E"
493,532,"E"
494,532,"E"
479,533,"E"
480,533,"E"
488,533,"E"
493,533,"E"
494,533,"E"
479,535,"E"
480,535,"E"
488,535,"E"
493,538,"E"
494,538,"E"
481,539,"E"
477,540,"E"
487,540,"E"
489,540,"E"
490,540,"E"
477,541,"E"
482,541,"E"
483,541,"E"
484,541,"E"
486,541,"E"
487,541,"E"
489,541,"E"
490,541,"E"
28,332,"E"
61,115,"E"
26,253,"E"
85,244,"E"
85,160,"E"
85,242,"E"
85,285,"E"
85,175,"E"
28,164,"E"
54,129,"E"
54,309,"E"
54,164,"E"
54,330,"E"
54,261,"E"
54,308,"E"
54,291,"E"
26,261,"E"
26,158,"E"
54,310,"E"
65,179,"E"
21,179,"E"
20,179,"E"
54,194,"E"
54,171,"E"
28,207,"E"
3,248,"E"
28,185,"E"
28,110,"E"
26,257,"E"
14,248,"E"
14,259,"E"
54,204,"E"
54,273,"E"
26,294,"E"
26,204,"E"
54,302,"E"
42,312,"E"
28,326,"E"
85,261,"E"
28,235,"E"
28,245,"E"
7,303,"E"
7,104,"E"
28,102,"E"
85,258,"E"
26,214,"E"
54,198,"E"
26,155,"E"
7,193,"E"
7,130,"E"
61,108,"E"
61,294,"E"
61,296,"E"
61,119,"E"
61,313,"E"
61,284,"E"
61,116,"E"
61,328,"E"
20,248,"E"
61,319,"E"
3,179,"E"
85,294,"E"
22,247,"E"
14,285,"E"
28,225,"E"
26,269,"E"
26,268,"E"
54,104,"E"
54,168,"E"
54,283,"E"
54,153,"E"
54,101,"E"
22,513,"E"
21,514,"E"
54,517,"E"
3,525,"E"
7,515,"E"
15,515,"E"
21,515,"E"
45,514,"E"
65,525,"E"
510,547,"E"
12,506,"E"
14,506,"E"
33,506,"E"
44,506,"E"
57,506,"E"
67,506,"E"
68,496,"E"
68,498,"E"
68,504,"E"
68,505,"E"
72,505,"E"
72,506,"E"
28,295,"E"
28,186,"E"
28,467,"E"
77,435,"E"
77,438,"E"
28,402,"E"
17,259,"E"
93,295,"E"
93,276,"E"
9,295,"E"
53,295,"E"
7,118,"E"
51,346,"E"
93,338,"E"
352,375,"E"
338,380,"E"
338,372,"E"
44,439,"E"
44,414,"E"
44,398,"E"
44,421,"E"
44,449,"E"
44,404,"E"
80,416,"E"
80,390,"E"
80,460,"E"
58,390,"E"
58,426,"E"
74,445,"E"
44,468,"E"
50,430,"E"
7,430,"E"
7,469,"E"
49,473,"E"
80,445,"E"
64,428,"E"
64,472,"E"
64,420,"E"
64,427,"E"
37,390,"E"
64,386,"E"
64,385,"E"
64,459,"E"
40,459,"E"
40,383,"E"
6,508,"E"
6,510,"E"
92,205,"E"
7,215,"E"
43,205,"E"
13,214,"E"
7,313,"E"
90,184,"E"
90,103,"E"
29,519,"E"
6,525,"E"
90,513,"E"
507,544,"E"
508,544,"E"
510,551,"E"
29,504,"E"
11,105,"SE"
77,317,"SE"
77,202,"SE"
78,123,"SE"
26,183,"SE"
20,123,"SE"
20,126,"SE"
26,318,"SE"
76,276,"SE"
26,144,"SE"
76,322,"SE"
20,279,"SE"
61,278,"SE"
61,190,"SE"
61,318,"SE"
61,186,"SE"
61,282,"SE"
61,203,"SE"
61,317,"SE"
26,232,"SE"
61,232,"SE"
61,276,"SE"
95,295,"SE"
95,112,"SE"
95,126,"SE"
11,232,"SE"
61,343,"SE"
99,358,"SE"
11,349,"SE"
28,363,"SE"
98,358,"SE"
78,348,"SE"
77,348,"SE"
66,354,"SE"
38,343,"SE"
97,358,"SE"
44,357,"SE"
19,354,"SE"
44,358,"SE"
97,351,"SE"
26,361,"SE"
33,341,"SE"
28,344,"SE"
358,376,"SE"
358,377,"SE"
358,368,"SE"
343,367,"SE"
358,367,"SE"
358,378,"SE"
358,374,"SE"
358,369,"SE"
358,365,"SE"
358,381,"SE"
358,380,"SE"
361,374,"SE"
358,370,"SE"
341,381,"SE"
343,377,"SE"
343,380,"SE"
343,376,"SE"
361,372,"SE"
26,445,"SE"
26,438,"SE"
26,422,"SE"
26,467,"SE"
26,470,"SE"
98,470,"SE"
28,470,"SE"
28,421,"SE"
28,439,"SE"
98,445,"SE"
19,469,"SE"
99,412,"SE"
77,417,"SE"
77,445,"SE"
26,421,"SE"
77,470,"SE"
77,471,"SE"
26,437,"SE"
26,447,"SE"
44,467,"SE"
26,415,"SE"
14,421,"SE"
86,410,"SE"
64,463,"SE"
64,445,"SE"
64,435,"SE"
77,425,"SE"
77,422,"SE"
64,438,"SE"
64,447,"SE"
17,410,"SE"
17,421,"SE"
77,467,"SE"
28,445,"SE"
26,455,"SE"
11,469,"SE"
94,445,"SE"
77,458,"SE"
11,440,"SE"
11,419,"SE"
94,429,"SE"
11,445,"SE"
94,457,"SE"
94,438,"SE"
44,433,"SE"
26,441,"SE"
28,389,"SE"
26,397,"SE"
26,465,"SE"
14,430,"SE"
77,455,"SE"
96,445,"SE"
17,467,"SE"
96,438,"SE"
95,469,"SE"
95,445,"SE"
95,422,"SE"
95,438,"SE"
44,438,"SE"
44,425,"SE"
26,401,"SE"
26,469,"SE"
26,389,"SE"
26,394,"SE"
26,390,"SE"
28,433,"SE"
26,425,"SE"
26,426,"SE"
14,482,"SE"
14,483,"SE"
14,486,"SE"
482,534,"SE"
483,534,"SE"
486,534,"SE"
482,540,"SE"
483,540,"SE"
486,540,"SE"
4,508,"SE"
5,508,"SE"
7,508,"SE"
11,508,"SE"
12,508,"SE"
14,508,"SE"
30,508,"SE"
33,508,"SE"
36,508,"SE"
39,508,"SE"
44,508,"SE"
47,508,"SE"
49,508,"SE"
57,508,"SE"
59,508,"SE"
67,508,"SE"
72,508,"SE"
80,508,"SE"
82,508,"SE"
99,508,"SE"
11,326,"SE"
77,259,"SE"
78,308,"SE"
11,179,"SE"
11,164,"SE"
11,141,"SE"
47,179,"SE"
61,179,"SE"
47,193,"SE"
76,179,"SE"
26,166,"SE"
26,228,"SE"
26,179,"SE"
38,179,"SE"
26,198,"SE"
61,128,"SE"
61,264,"SE"
61,244,"SE"
61,303,"SE"
61,164,"SE"
20,164,"SE"
61,247,"SE"
61,196,"SE"
28,131,"SE"
61,259,"SE"
28,244,"SE"
11,259,"SE"
61,138,"SE"
62,259,"SE"
61,248,"SE"
47,138,"SE"
26,237,"SE"
61,286,"SE"
61,209,"SE"
61,285,"SE"
26,164,"SE"
24,181,"SE"
61,249,"SE"
61,302,"SE"
61,252,"SE"
61,250,"SE"
61,173,"SE"
61,132,"SE"
95,196,"SE"
17,223,"SE"
11,249,"SE"
11,255,"SE"
26,142,"SE"
11,143,"SE"
11,138,"SE"
11,222,"SE"
11,158,"SE"
11,170,"SE"
11,266,"SE"
11,140,"SE"
11,304,"SE"
11,303,"SE"
61,301,"SE"
32,519,"SE"
32,524,"SE"
95,514,"SE"
91,516,"SE"
95,516,"SE"
61,517,"SE"
14,523,"SE"
95,523,"SE"
14,513,"SE"
28,513,"SE"
26,514,"SE"
28,514,"SE"
28,516,"SE"
26,517,"SE"
28,517,"SE"
28,519,"SE"
28,523,"SE"
61,523,"SE"
11,525,"SE"
14,525,"SE"
26,525,"SE"
28,525,"SE"
26,522,"SE"
4,495,"SE"
4,496,"SE"
4,497,"SE"
4,498,"SE"
4,499,"SE"
4,500,"SE"
4,501,"SE"
4,502,"SE"
4,503,"SE"
4,504,"SE"
4,505,"SE"
5,496,"SE"
5,497,"SE"
5,498,"SE"
5,499,"SE"
5,501,"SE"
5,504,"SE"
7,496,"SE"
7,497,"SE"
7,498,"SE"
7,499,"SE"
7,500,"SE"
7,501,"SE"
7,502,"SE"
7,503,"SE"
7,504,"SE"
8,496,"SE"
8,497,"SE"
8,498,"SE"
8,499,"SE"
8,501,"SE"
8,504,"SE"
8,505,"SE"
11,497,"SE"
11,499,"SE"
11,500,"SE"
11,501,"SE"
11,502,"SE"
11,504,"SE"
11,505,"SE"
12,495,"SE"
12,496,"SE"
12,497,"SE"
12,498,"SE"
12,499,"SE"
12,500,"SE"
12,501,"SE"
12,502,"SE"
12,503,"SE"
12,504,"SE"
12,505,"SE"
13,499,"SE"
13,502,"SE"
13,504,"SE"
13,505,"SE"
14,496,"SE"
14,497,"SE"
14,498,"SE"
14,499,"SE"
14,500,"SE"
14,502,"SE"
14,503,"SE"
14,504,"SE"
16,496,"SE"
16,497,"SE"
16,498,"SE"
16,499,"SE"
16,500,"SE"
16,503,"SE"
16,504,"SE"
16,505,"SE"
17,497,"SE"
17,500,"SE"
19,496,"SE"
19,497,"SE"
19,498,"SE"
19,499,"SE"
19,500,"SE"
19,503,"SE"
19,504,"SE"
19,505,"SE"
20,495,"SE"
20,497,"SE"
20,498,"SE"
20,502,"SE"
23,496,"SE"
23,497,"SE"
23,498,"SE"
23,499,"SE"
23,500,"SE"
23,501,"SE"
23,503,"SE"
23,504,"SE"
23,505,"SE"
24,496,"SE"
24,502,"SE"
24,503,"SE"
24,504,"SE"
26,495,"SE"
26,497,"SE"
26,498,"SE"
26,499,"SE"
26,500,"SE"
26,501,"SE"
26,502,"SE"
26,504,"SE"
26,505,"SE"
28,496,"SE"
28,497,"SE"
28,498,"SE"
28,499,"SE"
28,502,"SE"
28,504,"SE"
28,505,"SE"
30,499,"SE"
30,504,"SE"
32,496,"SE"
32,497,"SE"
32,498,"SE"
32,499,"SE"
32,500,"SE"
32,501,"SE"
32,503,"SE"
32,504,"SE"
32,505,"SE"
33,495,"SE"
33,496,"SE"
33,497,"SE"
33,498,"SE"
33,499,"SE"
33,500,"SE"
33,501,"SE"
33,502,"SE"
33,503,"SE"
33,504,"SE"
33,505,"SE"
36,500,"SE"
36,501,"SE"
36,502,"SE"
36,504,"SE"
36,505,"SE"
38,497,"SE"
38,498,"SE"
38,503,"SE"
38,504,"SE"
41,495,"SE"
41,504,"SE"
44,495,"SE"
44,496,"SE"
44,497,"SE"
44,498,"SE"
44,499,"SE"
44,500,"SE"
44,501,"SE"
44,502,"SE"
44,503,"SE"
44,504,"SE"
44,505,"SE"
45,496,"SE"
45,497,"SE"
45,498,"SE"
45,499,"SE"
45,500,"SE"
45,501,"SE"
45,503,"SE"
45,504,"SE"
46,496,"SE"
46,497,"SE"
46,498,"SE"
46,499,"SE"
46,504,"SE"
46,505,"SE"
47,496,"SE"
47,499,"SE"
47,500,"SE"
47,501,"SE"
47,502,"SE"
47,503,"SE"
47,505,"SE"
48,496,"SE"
48,497,"SE"
48,498,"SE"
48,499,"SE"
48,504,"SE"
48,505,"SE"
49,496,"SE"
49,497,"SE"
49,498,"SE"
49,499,"SE"
49,501,"SE"
49,504,"SE"
51,495,"SE"
51,496,"SE"
51,504,"SE"
56,496,"SE"
56,497,"SE"
56,498,"SE"
56,499,"SE"
56,500,"SE"
56,501,"SE"
56,503,"SE"
57,495,"SE"
57,496,"SE"
57,497,"SE"
57,498,"SE"
57,499,"SE"
57,500,"SE"
57,501,"SE"
57,502,"SE"
57,503,"SE"
57,504,"SE"
57,505,"SE"
59,496,"SE"
59,501,"SE"
59,503,"SE"
59,504,"SE"
59,505,"SE"
61,496,"SE"
61,497,"SE"
61,498,"SE"
61,499,"SE"
61,504,"SE"
61,505,"SE"
62,495,"SE"
62,497,"SE"
62,498,"SE"
62,499,"SE"
62,500,"SE"
62,502,"SE"
62,504,"SE"
64,496,"SE"
64,497,"SE"
64,498,"SE"
64,499,"SE"
64,500,"SE"
64,501,"SE"
64,502,"SE"
64,503,"SE"
64,504,"SE"
64,505,"SE"
67,495,"SE"
67,496,"SE"
67,497,"SE"
67,498,"SE"
67,499,"SE"
67,500,"SE"
67,501,"SE"
67,502,"SE"
67,503,"SE"
67,504,"SE"
67,505,"SE"
72,496,"SE"
72,497,"SE"
72,498,"SE"
72,499,"SE"
72,500,"SE"
72,501,"SE"
72,503,"SE"
72,504,"SE"
76,497,"SE"
76,499,"SE"
76,500,"SE"
76,504,"SE"
77,496,"SE"
77,497,"SE"
77,498,"SE"
77,499,"SE"
77,503,"SE"
77,504,"SE"
77,505,"SE"
78,496,"SE"
78,497,"SE"
78,498,"SE"
78,499,"SE"
78,501,"SE"
78,502,"SE"
78,504,"SE"
78,505,"SE"
80,495,"SE"
80,497,"SE"
80,498,"SE"
80,500,"SE"
80,503,"SE"
80,505,"SE"
81,502,"SE"
81,504,"SE"
86,495,"SE"
86,497,"SE"
86,500,"SE"
91,496,"SE"
91,497,"SE"
91,498,"SE"
91,499,"SE"
91,500,"SE"
91,501,"SE"
91,503,"SE"
91,504,"SE"
91,505,"SE"
99,495,"SE"
99,496,"SE"
99,497,"SE"
99,498,"SE"
99,499,"SE"
99,500,"SE"
99,501,"SE"
99,502,"SE"
99,503,"SE"
99,504,"SE"
99,505,"SE"
3,276,"SE"
3,318,"SE"
3,124,"SE"
14,124,"SE"
14,323,"SE"
26,212,"SE"
26,295,"SE"
14,112,"SE"
54,345,"SE"
44,435,"SE"
28,426,"SE"
44,471,"SE"
26,457,"SE"
28,452,"SE"
28,425,"SE"
44,389,"SE"
44,457,"SE"
44,445,"SE"
26,435,"SE"
26,433,"SE"
26,446,"SE"
14,445,"SE"
44,462,"SE"
28,454,"SE"
28,451,"SE"
44,461,"SE"
44,447,"SE"
44,423,"SE"
44,422,"SE"
54,436,"SE"
44,412,"SE"
44,470,"SE"
44,453,"SE"
28,407,"SE"
14,457,"SE"
26,471,"SE"
54,426,"SE"
54,445,"SE"
14,423,"SE"
44,401,"SE"
28,492,"SE"
14,484,"SE"
78,493,"SE"
78,494,"SE"
492,530,"SE"
494,530,"SE"
484,534,"SE"
484,540,"SE"
484,542,"SE"
484,543,"SE"
26,248,"SE"
26,303,"SE"
14,246,"SE"
26,258,"SE"
26,131,"SE"
26,101,"SE"
26,230,"SE"
25,303,"SE"
25,163,"SE"
25,167,"SE"
25,151,"SE"
25,152,"SE"
25,283,"SE"
26,195,"SE"
25,254,"SE"
26,210,"SE"
26,335,"SE"
26,193,"SE"
26,259,"SE"
26,173,"SE"
2,237,"SE"
26,240,"SE"
26,247,"SE"
26,215,"SE"
14,267,"SE"
26,255,"SE"
26,139,"SE"
14,512,"SE"
14,522,"SE"
48,519,"SE"
28,521,"SE"
28,524,"SE"
48,524,"SE"
14,515,"SE"
32,516,"SE"
32,522,"SE"
32,526,"SE"
28,520,"SE"
508,545,"SE"
508,548,"SE"
508,549,"SE"
2,496,"SE"
2,497,"SE"
2,498,"SE"
2,499,"SE"
2,504,"SE"
10,496,"SE"
10,499,"SE"
10,500,"SE"
10,501,"SE"
10,502,"SE"
10,503,"SE"
10,505,"SE"
25,496,"SE"
25,497,"SE"
25,498,"SE"
25,499,"SE"
25,500,"SE"
25,501,"SE"
25,503,"SE"
25,505,"SE"
27,496,"SE"
27,499,"SE"
27,504,"SE"
54,496,"SE"
54,497,"SE"
54,498,"SE"
54,499,"SE"
54,500,"SE"
54,501,"SE"
54,503,"SE"
54,505,"SE"
58,496,"SE"
58,497,"SE"
58,498,"SE"
58,499,"SE"
58,504,"SE"
63,496,"SE"
63,497,"SE"
63,498,"SE"
63,499,"SE"
63,504,"SE"
63,505,"SE"
71,496,"SE"
71,503,"SE"
71,504,"SE"
71,505,"SE"
75,496,"SE"
75,497,"SE"
75,498,"SE"
75,499,"SE"
75,504,"SE"
14,236,"SE"
14,123,"SE"
14,126,"SE"
14,190,"SE"
14,127,"SE"
26,231,"SE"
69,343,"SE"
44,351,"SE"
28,362,"SE"
14,337,"SE"
361,376,"SE"
337,365,"SE"
28,464,"SE"
28,435,"SE"
28,471,"SE"
44,455,"SE"
26,396,"SE"
14,447,"SE"
28,438,"SE"
26,287,"SE"
26,270,"SE"
78,255,"SE"
26,306,"SE"
26,305,"SE"
26,197,"SE"
26,224,"SE"
26,129,"SE"
26,299,"SE"
26,291,"SE"
19,327,"SE"
14,113,"SE"
14,101,"SE"
26,171,"SE"
14,303,"SE"
26,213,"SE"
14,179,"SE"
26,320,"SE"
14,284,"SE"
14,302,"SE"
28,313,"SE"
14,314,"SE"
28,515,"SE"
60,496,"SE"
60,499,"SE"
60,500,"SE"
60,502,"SE"
60,504,"SE"
25,279,"SE"
54,281,"SE"
25,276,"SE"
14,276,"SE"
28,318,"SE"
28,279,"SE"
28,219,"SE"
7,280,"SE"
28,124,"SE"
7,124,"SE"
7,183,"SE"
53,276,"SE"
71,274,"SE"
71,233,"SE"
71,276,"SE"
7,276,"SE"
7,112,"SE"
7,126,"SE"
28,123,"SE"
7,187,"SE"
26,276,"SE"
26,234,"SE"
49,276,"SE"
7,322,"SE"
7,123,"SE"
7,279,"SE"
7,318,"SE"
51,122,"SE"
25,183,"SE"
7,233,"SE"
49,124,"SE"
19,276,"SE"
85,243,"SE"
85,233,"SE"
85,183,"SE"
85,276,"SE"
7,350,"SE"
80,352,"SE"
5,356,"SE"
13,340,"SE"
73,359,"SE"
80,342,"SE"
352,365,"SE"
356,381,"SE"
352,376,"SE"
356,378,"SE"
350,365,"SE"
25,448,"SE"
26,436,"SE"
54,399,"SE"
37,404,"SE"
78,439,"SE"
25,438,"SE"
25,461,"SE"
5,387,"SE"
44,444,"SE"
78,438,"SE"
55,445,"SE"
44,475,"SE"
44,430,"SE"
44,434,"SE"
44,409,"SE"
7,424,"SE"
7,387,"SE"
28,408,"SE"
28,391,"SE"
54,448,"SE"
5,424,"SE"
7,422,"SE"
5,404,"SE"
45,430,"SE"
33,388,"SE"
33,404,"SE"
49,384,"SE"
5,393,"SE"
5,443,"SE"
54,430,"SE"
5,459,"SE"
49,476,"SE"
78,491,"SE"
491,537,"SE"
493,537,"SE"
1,507,"SE"
1,508,"SE"
1,509,"SE"
1,510,"SE"
5,507,"SE"
5,510,"SE"
7,507,"SE"
7,509,"SE"
7,510,"SE"
12,510,"SE"
33,507,"SE"
33,509,"SE"
33,510,"SE"
34,508,"SE"
34,510,"SE"
36,507,"SE"
36,509,"SE"
36,510,"SE"
40,507,"SE"
40,508,"SE"
40,509,"SE"
40,510,"SE"
44,507,"SE"
44,509,"SE"
44,510,"SE"
45,508,"SE"
45,510,"SE"
49,507,"SE"
49,509,"SE"
49,510,"SE"
50,507,"SE"
50,508,"SE"
50,510,"SE"
51,507,"SE"
51,508,"SE"
51,509,"SE"
51,510,"SE"
53,508,"SE"
53,510,"SE"
59,507,"SE"
59,510,"SE"
64,507,"SE"
64,508,"SE"
64,510,"SE"
72,510,"SE"
73,507,"SE"
73,508,"SE"
73,509,"SE"
73,510,"SE"
80,510,"SE"
82,507,"SE"
82,509,"SE"
82,510,"SE"
54,303,"SE"
25,289,"SE"
25,192,"SE"
25,304,"SE"
54,134,"SE"
54,235,"SE"
54,152,"SE"
54,193,"SE"
54,221,"SE"
54,151,"SE"
54,189,"SE"
25,241,"SE"
25,324,"SE"
54,244,"SE"
25,100,"SE"
25,176,"SE"
25,193,"SE"
25,107,"SE"
25,164,"SE"
25,201,"SE"
25,129,"SE"
25,239,"SE"
25,291,"SE"
54,117,"SE"
25,179,"SE"
13,305,"SE"
7,179,"SE"
28,218,"SE"
28,260,"SE"
28,303,"SE"
22,303,"SE"
73,259,"SE"
63,259,"SE"
71,179,"SE"
25,120,"SE"
25,214,"SE"
49,198,"SE"
25,103,"SE"
71,251,"SE"
71,121,"SE"
71,120,"SE"
54,199,"SE"
54,103,"SE"
54,138,"SE"
54,179,"SE"
71,131,"SE"
54,111,"SE"
25,265,"SE"
26,100,"SE"
25,290,"SE"
28,169,"SE"
28,329,"SE"
7,294,"SE"
7,285,"SE"
7,306,"SE"
28,296,"SE"
7,259,"SE"
28,271,"SE"
28,259,"SE"
49,136,"SE"
49,303,"SE"
49,169,"SE"
49,151,"SE"
7,216,"SE"
28,129,"SE"
7,141,"SE"
25,263,"SE"
25,137,"SE"
25,262,"SE"
25,131,"SE"
25,182,"SE"
25,180,"SE"
25,272,"SE"
25,174,"SE"
25,177,"SE"
7,138,"SE"
7,229,"SE"
28,227,"SE"
7,159,"SE"
54,305,"SE"
7,248,"SE"
3,164,"SE"
73,103,"SE"
73,184,"SE"
73,104,"SE"
73,133,"SE"
74,104,"SE"
5,303,"SE"
7,296,"SE"
7,158,"SE"
7,307,"SE"
7,334,"SE"
85,161,"SE"
85,275,"SE"
85,296,"SE"
7,162,"SE"
85,307,"SE"
85,321,"SE"
6,519,"SE"
7,511,"SE"
28,511,"SE"
7,513,"SE"
7,517,"SE"
7,520,"SE"
7,525,"SE"
78,511,"SE"
78,513,"SE"
85,513,"SE"
78,514,"SE"
78,516,"SE"
78,517,"SE"
7,519,"SE"
78,519,"SE"
78,520,"SE"
7,524,"SE"
78,524,"SE"
15,525,"SE"
78,525,"SE"
71,516,"SE"
7,526,"SE"
507,545,"SE"
507,546,"SE"
508,546,"SE"
508,547,"SE"
508,550,"SE"
510,544,"SE"
510,545,"SE"
510,546,"SE"
510,548,"SE"
34,496,"SE"
34,497,"SE"
34,498,"SE"
34,499,"SE"
34,500,"SE"
34,501,"SE"
34,503,"SE"
40,501,"SE"
52,496,"SE"
52,499,"SE"
52,500,"SE"
52,501,"SE"
52,503,"SE"
52,504,"SE"
52,505,"SE"
53,499,"SE"
53,504,"SE"
73,496,"SE"
73,497,"SE"
73,498,"SE"
73,499,"SE"
73,504,"SE"
74,496,"SE"
74,497,"SE"
74,498,"SE"
74,499,"SE"
74,500,"SE"
74,501,"SE"
74,503,"SE"
74,505,"SE"
70,186,"SE"
70,276,"SE"
70,322,"SE"
70,318,"SE"
70,317,"SE"
70,187,"SE"
70,190,"SE"
70,316,"SE"
78,124,"SE"
77,318,"SE"
77,112,"SE"
28,202,"SE"
49,105,"SE"
70,188,"SE"
78,112,"SE"
28,232,"SE"
79,339,"SE"
49,347,"SE"
50,353,"SE"
347,376,"SE"
358,379,"SE"
44,441,"SE"
44,466,"SE"
44,469,"SE"
44,411,"SE"
44,446,"SE"
44,456,"SE"
44,432,"SE"
28,469,"SE"
26,403,"SE"
28,461,"SE"
28,405,"SE"
33,400,"SE"
5,469,"SE"
5,429,"SE"
5,422,"SE"
5,447,"SE"
49,422,"SE"
49,469,"SE"
80,469,"SE"
28,455,"SE"
77,406,"SE"
10,508,"SE"
12,509,"SE"
16,510,"SE"
88,179,"SE"
59,179,"SE"
70,244,"SE"
70,128,"SE"
70,226,"SE"
70,235,"SE"
70,185,"SE"
70,311,"SE"
70,227,"SE"
70,206,"SE"
70,245,"SE"
70,225,"SE"
70,288,"SE"
70,135,"SE"
28,179,"SE"
28,294,"SE"
28,156,"SE"
90,172,"SE"
88,285,"SE"
19,244,"SE"
35,179,"SE"
35,293,"SE"
26,138,"SE"
26,141,"SE"
78,179,"SE"
54,150,"SE"
49,152,"SE"
49,283,"SE"
49,248,"SE"
49,228,"SE"
49,164,"SE"
49,268,"SE"
19,331,"SE"
26,283,"SE"
19,179,"SE"
54,178,"SE"
54,325,"SE"
54,238,"SE"
26,333,"SE"
26,220,"SE"
26,256,"SE"
70,513,"SE"
78,521,"SE"
509,544,"SE"
509,546,"SE"
84,496,"SE"
84,497,"SE"
84,498,"SE"
84,499,"SE"
84,500,"SE"
84,501,"SE"
84,503,"SE"
84,505,"SE"
14,122,"SE"
26,277,"SE"
61,188,"SE"
61,322,"SE"
61,211,"SE"
78,126,"SE"
61,315,"SE"
86,355,"SE"
77,364,"SE"
14,360,"SE"
364,365,"SE"
337,369,"SE"
337,377,"SE"
337,376,"SE"
337,381,"SE"
337,378,"SE"
337,371,"SE"
360,365,"SE"
360,376,"SE"
61,308,"SE"
61,189,"SE"
61,265,"SE"
14,300,"SE"
26,150,"SE"
26,222,"SE"
26,165,"SE"
14,109,"SE"
14,125,"SE"
11,317,"SE"
44,345,"SE"
361,373,"SE"
28,457,"SE"
18,445,"SE"
18,470,"SE"
18,404,"SE"
18,467,"SE"
26,450,"SE"
14,469,"SE"
31,442,"SE"
14,464,"SE"
60,485,"SE"
14,478,"SE"
478,534,"SE"
492,536,"SE"
478,540,"SE"
478,542,"SE"
482,542,"SE"
486,542,"SE"
478,543,"SE"
482,543,"SE"
486,543,"SE"
31,179,"SE"
31,258,"SE"
31,259,"SE"
31,303,"SE"
26,308,"SE"
26,293,"SE"
26,201,"SE"
26,292,"SE"
26,313,"SE"
2,297,"SE"
2,217,"SE"
2,208,"SE"
2,327,"SE"
26,327,"SE"
2,298,"SE"
26,297,"SE"
2,164,"SE"
2,259,"SE"
2,114,"SE"
2,200,"SE"
26,154,"SE"
2,129,"SE"
14,283,"SE"
14,304,"SE"
26,304,"SE"
26,252,"SE"
14,158,"SE"
26,209,"SE"
61,304,"SE"
26,114,"SE"
28,512,"SE"
75,517,"SE"
31,525,"SE"
14,518,"SE"
28,295,"SE"
28,186,"SE"
28,112,"SE"
28,467,"SE"
77,435,"SE"
77,438,"SE"
28,402,"SE"
17,259,"SE"
11,105,"M"
77,317,"M"
77,202,"M"
78,123,"M"
26,183,"M"
20,123,"M"
20,126,"M"
26,318,"M"
76,276,"M"
26,144,"M"
76,322,"M"
20,279,"M"
61,278,"M"
61,190,"M"
61,318,"M"
61,186,"M"
61,282,"M"
61,203,"M"
61,317,"M"
26,232,"M"
61,232,"M"
61,276,"M"
95,295,"M"
95,112,"M"
95,126,"M"
11,232,"M"
61,343,"M"
99,358,"M"
11,349,"M"
28,363,"M"
98,358,"M"
78,348,"M"
77,348,"M"
66,354,"M"
38,343,"M"
97,358,"M"
44,357,"M"
19,354,"M"
44,358,"M"
97,351,"M"
26,361,"M"
33,341,"M"
28,344,"M"
358,376,"M"
358,377,"M"
358,368,"M"
343,367,"M"
358,367,"M"
358,378,"M"
358,374,"M"
358,369,"M"
358,365,"M"
358,381,"M"
358,380,"M"
361,374,"M"
358,370,"M"
341,381,"M"
343,377,"M"
343,380,"M"
343,376,"M"
361,372,"M"
26,445,"M"
26,438,"M"
26,422,"M"
26,467,"M"
26,470,"M"
98,470,"M"
28,470,"M"
28,421,"M"
28,439,"M"
98,445,"M"
19,469,"M"
99,412,"M"
77,417,"M"
77,445,"M"
26,421,"M"
77,470,"M"
77,471,"M"
26,437,"M"
26,447,"M"
44,467,"M"
26,415,"M"
14,421,"M"
86,410,"M"
64,463,"M"
64,445,"M"
64,435,"M"
77,425,"M"
77,422,"M"
64,438,"M"
64,447,"M"
17,410,"M"
17,421,"M"
77,467,"M"
28,445,"M"
26,455,"M"
11,469,"M"
94,445,"M"
77,458,"M"
11,440,"M"
11,419,"M"
94,429,"M"
11,445,"M"
94,457,"M"
94,438,"M"
44,433,"M"
26,441,"M"
28,389,"M"
26,397,"M"
26,465,"M"
14,430,"M"
77,455,"M"
96,445,"M"
17,467,"M"
96,438,"M"
95,469,"M"
95,445,"M"
95,422,"M"
95,438,"M"
44,438,"M"
44,425,"M"
26,401,"M"
26,469,"M"
26,389,"M"
26,394,"M"
26,390,"M"
28,433,"M"
26,425,"M"
26,426,"M"
14,482,"M"
14,483,"M"
14,486,"M"
482,534,"M"
483,534,"M"
486,534,"M"
482,540,"M"
483,540,"M"
486,540,"M"
4,508,"M"
5,508,"M"
7,508,"M"
11,508,"M"
12,508,"M"
14,508,"M"
30,508,"M"
33,508,"M"
36,508,"M"
39,508,"M"
44,508,"M"
47,508,"M"
49,508,"M"
57,508,"M"
59,508,"M"
67,508,"M"
72,508,"M"
80,508,"M"
82,508,"M"
99,508,"M"
11,326,"M"
77,259,"M"
78,308,"M"
11,179,"M"
11,164,"M"
11,141,"M"
47,179,"M"
61,179,"M"
47,193,"M"
76,179,"M"
26,166,"M"
26,228,"M"
26,179,"M"
38,179,"M"
26,198,"M"
61,128,"M"
61,264,"M"
61,244,"M"
61,303,"M"
61,164,"M"
20,164,"M"
61,247,"M"
61,196,"M"
28,131,"M"
61,259,"M"
28,244,"M"
11,259,"M"
61,138,"M"
62,259,"M"
61,248,"M"
47,138,"M"
26,237,"M"
61,286,"M"
61,209,"M"
61,285,"M"
26,164,"M"
24,181,"M"
61,249,"M"
61,302,"M"
61,252,"M"
61,250,"M"
61,173,"M"
61,132,"M"
95,196,"M"
17,223,"M"
11,249,"M"
11,255,"M"
26,142,"M"
11,143,"M"
11,138,"M"
11,222,"M"
11,158,"M"
11,170,"M"
11,266,"M"
11,140,"M"
11,304,"M"
11,303,"M"
61,301,"M"
32,519,"M"
32,524,"M"
95,514,"M"
91,516,"M"
95,516,"M"
61,517,"M"
14,523,"M"
95,523,"M"
14,513,"M"
28,513,"M"
26,514,"M"
28,514,"M"
28,516,"M"
26,517,"M"
28,517,"M"
28,519,"M"
28,523,"M"
61,523,"M"
11,525,"M"
14,525,"M"
26,525,"M"
28,525,"M"
26,522,"M"
4,495,"M"
4,496,"M"
4,497,"M"
4,498,"M"
4,499,"M"
4,500,"M"
4,501,"M"
4,502,"M"
4,503,"M"
4,504,"M"
4,505,"M"
5,496,"M"
5,497,"M"
5,498,"M"
5,499,"M"
5,501,"M"
5,504,"M"
7,496,"M"
7,497,"M"
7,498,"M"
7,499,"M"
7,500,"M"
7,501,"M"
7,502,"M"
7,503,"M"
7,504,"M"
8,496,"M"
8,497,"M"
8,498,"M"
8,499,"M"
8,501,"M"
8,504,"M"
8,505,"M"
11,497,"M"
11,499,"M"
11,500,"M"
11,501,"M"
11,502,"M"
11,504,"M"
11,505,"M"
12,495,"M"
12,496,"M"
12,497,"M"
12,498,"M"
12,499,"M"
12,500,"M"
12,501,"M"
12,502,"M"
12,503,"M"
12,504,"M"
12,505,"M"
13,499,"M"
13,502,"M"
13,504,"M"
13,505,"M"
14,496,"M"
14,497,"M"
14,498,"M"
14,499,"M"
14,500,"M"
14,502,"M"
14,503,"M"
14,504,"M"
16,496,"M"
16,497,"M"
16,498,"M"
16,499,"M"
16,500,"M"
16,503,"M"
16,504,"M"
16,505,"M"
17,497,"M"
17,500,"M"
19,496,"M"
19,497,"M"
19,498,"M"
19,499,"M"
19,500,"M"
19,503,"M"
19,504,"M"
19,505,"M"
20,495,"M"
20,497,"M"
20,498,"M"
20,502,"M"
23,496,"M"
23,497,"M"
23,498,"M"
23,499,"M"
23,500,"M"
23,501,"M"
23,503,"M"
23,504,"M"
23,505,"M"
24,496,"M"
24,502,"M"
24,503,"M"
24,504,"M"
26,495,"M"
26,497,"M"
26,498,"M"
26,499,"M"
26,500,"M"
26,501,"M"
26,502,"M"
26,504,"M"
26,505,"M"
28,496,"M"
28,497,"M"
28,498,"M"
28,499,"M"
28,502,"M"
28,504,"M"
28,505,"M"
30,499,"M"
30,504,"M"
32,496,"M"
32,497,"M"
32,498,"M"
32,499,"M"
32,500,"M"
32,501,"M"
32,503,"M"
32,504,"M"
32,505,"M"
33,495,"M"
33,496,"M"
33,497,"M"
33,498,"M"
33,499,"M"
33,500,"M"
33,501,"M"
33,502,"M"
33,503,"M"
33,504,"M"
33,505,"M"
36,500,"M"
36,501,"M"
36,502,"M"
36,504,"M"
36,505,"M"
38,497,"M"
38,498,"M"
38,503,"M"
38,504,"M"
41,495,"M"
41,504,"M"
44,495,"M"
44,496,"M"
44,497,"M"
44,498,"M"
44,499,"M"
44,500,"M"
44,501,"M"
44,502,"M"
44,503,"M"
44,504,"M"
44,505,"M"
45,496,"M"
45,497,"M"
45,498,"M"
45,499,"M"
45,500,"M"
45,501,"M"
45,503,"M"
45,504,"M"
46,496,"M"
46,497,"M"
46,498,"M"
46,499,"M"
46,504,"M"
46,505,"M"
47,496,"M"
47,499,"M"
47,500,"M"
47,501,"M"
47,502,"M"
47,503,"M"
47,505,"M"
48,496,"M"
48,497,"M"
48,498,"M"
48,499,"M"
48,504,"M"
48,505,"M"
49,496,"M"
49,497,"M"
49,498,"M"
49,499,"M"
49,501,"M"
49,504,"M"
51,495,"M"
51,496,"M"
51,504,"M"
56,496,"M"
56,497,"M"
56,498,"M"
56,499,"M"
56,500,"M"
56,501,"M"
56,503,"M"
57,495,"M"
57,496,"M"
57,497,"M"
57,498,"M"
57,499,"M"
57,500,"M"
57,501,"M"
57,502,"M"
57,503,"M"
57,504,"M"
57,505,"M"
59,496,"M"
59,501,"M"
59,503,"M"
59,504,"M"
59,505,"M"
61,496,"M"
61,497,"M"
61,498,"M"
61,499,"M"
61,504,"M"
61,505,"M"
62,495,"M"
62,497,"M"
62,498,"M"
62,499,"M"
62,500,"M"
62,502,"M"
62,504,"M"
64,496,"M"
64,497,"M"
64,498,"M"
64,499,"M"
64,500,"M"
64,501,"M"
64,502,"M"
64,503,"M"
64,504,"M"
64,505,"M"
67,495,"M"
67,496,"M"
67,497,"M"
67,498,"M"
67,499,"M"
67,500,"M"
67,501,"M"
67,502,"M"
67,503,"M"
67,504,"M"
67,505,"M"
72,496,"M"
72,497,"M"
72,498,"M"
72,499,"M"
72,500,"M"
72,501,"M"
72,503,"M"
72,504,"M"
76,497,"M"
76,499,"M"
76,500,"M"
76,504,"M"
77,496,"M"
77,497,"M"
77,498,"M"
77,499,"M"
77,503,"M"
77,504,"M"
77,505,"M"
78,496,"M"
78,497,"M"
78,498,"M"
78,499,"M"
78,501,"M"
78,502,"M"
78,504,"M"
78,505,"M"
80,495,"M"
80,497,"M"
80,498,"M"
80,500,"M"
80,503,"M"
80,505,"M"
81,502,"M"
81,504,"M"
86,495,"M"
86,497,"M"
86,500,"M"
91,496,"M"
91,497,"M"
91,498,"M"
91,499,"M"
91,500,"M"
91,501,"M"
91,503,"M"
91,504,"M"
91,505,"M"
99,495,"M"
99,496,"M"
99,497,"M"
99,498,"M"
99,499,"M"
99,500,"M"
99,501,"M"
99,502,"M"
99,503,"M"
99,504,"M"
99,505,"M"
3,276,"M"
3,318,"M"
3,124,"M"
14,124,"M"
14,323,"M"
26,212,"M"
26,295,"M"
14,112,"M"
54,345,"M"
44,435,"M"
28,426,"M"
44,471,"M"
26,457,"M"
28,452,"M"
28,425,"M"
44,389,"M"
44,457,"M"
44,445,"M"
26,435,"M"
26,433,"M"
26,446,"M"
14,445,"M"
44,462,"M"
28,454,"M"
28,451,"M"
44,461,"M"
44,447,"M"
44,423,"M"
44,422,"M"
54,436,"M"
44,412,"M"
44,470,"M"
44,453,"M"
28,407,"M"
14,457,"M"
26,471,"M"
54,426,"M"
54,445,"M"
14,423,"M"
44,401,"M"
28,492,"M"
14,484,"M"
78,493,"M"
78,494,"M"
492,530,"M"
494,530,"M"
484,534,"M"
484,540,"M"
484,542,"M"
484,543,"M"
26,248,"M"
26,303,"M"
14,246,"M"
26,258,"M"
26,131,"M"
26,101,"M"
26,230,"M"
25,303,"M"
25,163,"M"
25,167,"M"
25,151,"M"
25,152,"M"
25,283,"M"
26,195,"M"
25,254,"M"
26,210,"M"
26,335,"M"
26,193,"M"
26,259,"M"
26,173,"M"
2,237,"M"
26,240,"M"
26,247,"M"
26,215,"M"
14,267,"M"
26,255,"M"
26,139,"M"
14,512,"M"
14,522,"M"
48,519,"M"
28,521,"M"
28,524,"M"
48,524,"M"
14,515,"M"
32,516,"M"
32,522,"M"
32,526,"M"
28,520,"M"
508,545,"M"
508,548,"M"
508,549,"M"
2,496,"M"
2,497,"M"
2,498,"M"
2,499,"M"
2,504,"M"
10,496,"M"
10,499,"M"
10,500,"M"
10,501,"M"
10,502,"M"
10,503,"M"
10,505,"M"
25,496,"M"
25,497,"M"
25,498,"M"
25,499,"M"
25,500,"M"
25,501,"M"
25,503,"M"
25,505,"M"
27,496,"M"
27,499,"M"
27,504,"M"
54,496,"M"
54,497,"M"
54,498,"M"
54,499,"M"
54,500,"M"
54,501,"M"
54,503,"M"
54,505,"M"
58,496,"M"
58,497,"M"
58,498,"M"
58,499,"M"
58,504,"M"
63,496,"M"
63,497,"M"
63,498,"M"
63,499,"M"
63,504,"M"
63,505,"M"
71,496,"M"
71,503,"M"
71,504,"M"
71,505,"M"
75,496,"M"
75,497,"M"
75,498,"M"
75,499,"M"
75,504,"M"
14,236,"M"
14,123,"M"
14,126,"M"
14,190,"M"
14,127,"M"
26,231,"M"
69,343,"M"
44,351,"M"
28,362,"M"
14,337,"M"
361,376,"M"
337,365,"M"
28,464,"M"
28,435,"M"
28,471,"M"
44,455,"M"
26,396,"M"
14,447,"M"
28,438,"M"
26,287,"M"
26,270,"M"
78,255,"M"
26,306,"M"
26,305,"M"
26,197,"M"
26,224,"M"
26,129,"M"
26,299,"M"
26,291,"M"
19,327,"M"
14,113,"M"
14,101,"M"
26,171,"M"
14,303,"M"
26,213,"M"
14,179,"M"
26,320,"M"
14,284,"M"
14,302,"M"
28,313,"M"
14,314,"M"
28,515,"M"
60,496,"M"
60,499,"M"
60,500,"M"
60,502,"M"
60,504,"M"
14,122,"M"
26,277,"M"
61,188,"M"
61,322,"M"
61,211,"M"
78,126,"M"
61,315,"M"
86,355,"M"
77,364,"M"
14,360,"M"
364,365,"M"
337,369,"M"
337,377,"M"
337,376,"M"
337,381,"M"
337,378,"M"
337,371,"M"
360,365,"M"
360,376,"M"
61,308,"M"
61,189,"M"
61,265,"M"
28,179,"M"
14,300,"M"
26,150,"M"
26,222,"M"
26,165,"M"
14,109,"M"
28,303,"M"
14,125,"M"
26,276,"M"
11,317,"M"
44,345,"M"
361,373,"M"
28,457,"M"
28,391,"M"
18,445,"M"
18,470,"M"
18,404,"M"
18,467,"M"
44,469,"M"
44,411,"M"
44,456,"M"
44,441,"M"
26,450,"M"
14,469,"M"
31,442,"M"
14,464,"M"
60,485,"M"
14,478,"M"
478,534,"M"
492,536,"M"
478,540,"M"
478,542,"M"
482,542,"M"
486,542,"M"
478,543,"M"
482,543,"M"
486,543,"M"
64,508,"M"
31,179,"M"
31,258,"M"
31,259,"M"
31,303,"M"
19,179,"M"
26,308,"M"
26,293,"M"
26,201,"M"
26,292,"M"
26,138,"M"
26,313,"M"
26,333,"M"
2,297,"M"
2,217,"M"
2,208,"M"
2,327,"M"
26,327,"M"
2,298,"M"
26,297,"M"
2,164,"M"
2,259,"M"
2,114,"M"
2,200,"M"
26,154,"M"
2,129,"M"
14,283,"M"
14,304,"M"
26,304,"M"
26,252,"M"
14,158,"M"
26,209,"M"
61,304,"M"
26,114,"M"
28,512,"M"
75,517,"M"
15,525,"M"
31,525,"M"
14,518,"M"
28,295,"M"
28,186,"M"
28,112,"M"
28,467,"M"
77,435,"M"
77,438,"M"
28,402,"M"
17,259,"M"
11,105,"SI"
77,317,"SI"
77,202,"SI"
78,123,"SI"
26,183,"SI"
20,123,"SI"
20,126,"SI"
26,318,"SI"
76,276,"SI"
26,144,"SI"
76,322,"SI"
20,279,"SI"
61,278,"SI"
61,190,"SI"
61,318,"SI"
61,186,"SI"
61,282,"SI"
61,203,"SI"
61,317,"SI"
26,232,"SI"
61,232,"SI"
61,276,"SI"
95,295,"SI"
95,112,"SI"
95,126,"SI"
11,232,"SI"
61,343,"SI"
99,358,"SI"
11,349,"SI"
28,363,"SI"
98,358,"SI"
78,348,"SI"
77,348,"SI"
66,354,"SI"
38,343,"SI"
97,358,"SI"
44,357,"SI"
19,354,"SI"
44,358,"SI"
97,351,"SI"
26,361,"SI"
33,341,"SI"
28,344,"SI"
358,376,"SI"
358,377,"SI"
358,368,"SI"
343,367,"SI"
358,367,"SI"
358,378,"SI"
358,374,"SI"
358,369,"SI"
358,365,"SI"
358,381,"SI"
358,380,"SI"
361,374,"SI"
358,370,"SI"
341,381,"SI"
343,377,"SI"
343,380,"SI"
343,376,"SI"
361,372,"SI"
26,445,"SI"
26,438,"SI"
26,422,"SI"
26,467,"SI"
26,470,"SI"
98,470,"SI"
28,470,"SI"
28,421,"SI"
28,439,"SI"
98,445,"SI"
19,469,"SI"
99,412,"SI"
77,417,"SI"
77,445,"SI"
26,421,"SI"
77,470,"SI"
77,471,"SI"
26,437,"SI"
26,447,"SI"
44,467,"SI"
26,415,"SI"
14,421,"SI"
86,410,"SI"
64,463,"SI"
64,445,"SI"
64,435,"SI"
77,425,"SI"
77,422,"SI"
64,438,"SI"
64,447,"SI"
17,410,"SI"
17,421,"SI"
77,467,"SI"
28,445,"SI"
26,455,"SI"
11,469,"SI"
94,445,"SI"
77,458,"SI"
11,440,"SI"
11,419,"SI"
94,429,"SI"
11,445,"SI"
94,457,"SI"
94,438,"SI"
44,433,"SI"
26,441,"SI"
28,389,"SI"
26,397,"SI"
26,465,"SI"
14,430,"SI"
77,455,"SI"
96,445,"SI"
17,467,"SI"
96,438,"SI"
95,469,"SI"
95,445,"SI"
95,422,"SI"
95,438,"SI"
44,438,"SI"
44,425,"SI"
26,401,"SI"
26,469,"SI"
26,389,"SI"
26,394,"SI"
26,390,"SI"
28,433,"SI"
26,425,"SI"
26,426,"SI"
14,482,"SI"
14,483,"SI"
14,486,"SI"
482,534,"SI"
483,534,"SI"
486,534,"SI"
482,540,"SI"
483,540,"SI"
486,540,"SI"
4,508,"SI"
5,508,"SI"
7,508,"SI"
11,508,"SI"
12,508,"SI"
14,508,"SI"
30,508,"SI"
33,508,"SI"
36,508,"SI"
39,508,"SI"
44,508,"SI"
47,508,"SI"
49,508,"SI"
57,508,"SI"
59,508,"SI"
67,508,"SI"
72,508,"SI"
80,508,"SI"
82,508,"SI"
99,508,"SI"
11,326,"SI"
77,259,"SI"
78,308,"SI"
11,179,"SI"
11,164,"SI"
11,141,"SI"
47,179,"SI"
61,179,"SI"
47,193,"SI"
76,179,"SI"
26,166,"SI"
26,228,"SI"
26,179,"SI"
38,179,"SI"
26,198,"SI"
61,128,"SI"
61,264,"SI"
61,244,"SI"
61,303,"SI"
61,164,"SI"
20,164,"SI"
61,247,"SI"
61,196,"SI"
28,131,"SI"
61,259,"SI"
28,244,"SI"
11,259,"SI"
61,138,"SI"
62,259,"SI"
61,248,"SI"
47,138,"SI"
26,237,"SI"
61,286,"SI"
61,209,"SI"
61,285,"SI"
26,164,"SI"
24,181,"SI"
61,249,"SI"
61,302,"SI"
61,252,"SI"
61,250,"SI"
61,173,"SI"
61,132,"SI"
95,196,"SI"
17,223,"SI"
11,249,"SI"
11,255,"SI"
26,142,"SI"
11,143,"SI"
11,138,"SI"
11,222,"SI"
11,158,"SI"
11,170,"SI"
11,266,"SI"
11,140,"SI"
11,304,"SI"
11,303,"SI"
61,301,"SI"
32,519,"SI"
32,524,"SI"
95,514,"SI"
91,516,"SI"
95,516,"SI"
61,517,"SI"
14,523,"SI"
95,523,"SI"
14,513,"SI"
28,513,"SI"
26,514,"SI"
28,514,"SI"
28,516,"SI"
26,517,"SI"
28,517,"SI"
28,519,"SI"
28,523,"SI"
61,523,"SI"
11,525,"SI"
14,525,"SI"
26,525,"SI"
28,525,"SI"
26,522,"SI"
4,495,"SI"
4,496,"SI"
4,497,"SI"
4,498,"SI"
4,499,"SI"
4,500,"SI"
4,501,"SI"
4,502,"SI"
4,503,"SI"
4,504,"SI"
4,505,"SI"
5,496,"SI"
5,497,"SI"
5,498,"SI"
5,499,"SI"
5,501,"SI"
5,504,"SI"
7,496,"SI"
7,497,"SI"
7,498,"SI"
7,499,"SI"
7,500,"SI"
7,501,"SI"
7,502,"SI"
7,503,"SI"
7,504,"SI"
8,496,"SI"
8,497,"SI"
8,498,"SI"
8,499,"SI"
8,501,"SI"
8,504,"SI"
8,505,"SI"
11,497,"SI"
11,499,"SI"
11,500,"SI"
11,501,"SI"
11,502,"SI"
11,504,"SI"
11,505,"SI"
12,495,"SI"
12,496,"SI"
12,497,"SI"
12,498,"SI"
12,499,"SI"
12,500,"SI"
12,501,"SI"
12,502,"SI"
12,503,"SI"
12,504,"SI"
12,505,"SI"
13,499,"SI"
13,502,"SI"
13,504,"SI"
13,505,"SI"
14,496,"SI"
14,497,"SI"
14,498,"SI"
14,499,"SI"
14,500,"SI"
14,502,"SI"
14,503,"SI"
14,504,"SI"
16,496,"SI"
16,497,"SI"
16,498,"SI"
16,499,"SI"
16,500,"SI"
16,503,"SI"
16,504,"SI"
16,505,"SI"
17,497,"SI"
17,500,"SI"
19,496,"SI"
19,497,"SI"
19,498,"SI"
19,499,"SI"
19,500,"SI"
19,503,"SI"
19,504,"SI"
19,505,"SI"
20,495,"SI"
20,497,"SI"
20,498,"SI"
20,502,"SI"
23,496,"SI"
23,497,"SI"
23,498,"SI"
23,499,"SI"
23,500,"SI"
23,501,"SI"
23,503,"SI"
23,504,"SI"
23,505,"SI"
24,496,"SI"
24,502,"SI"
24,503,"SI"
24,504,"SI"
26,495,"SI"
26,497,"SI"
26,498,"SI"
26,499,"SI"
26,500,"SI"
26,501,"SI"
26,502,"SI"
26,504,"SI"
26,505,"SI"
28,496,"SI"
28,497,"SI"
28,498,"SI"
28,499,"SI"
28,502,"SI"
28,504,"SI"
28,505,"SI"
30,499,"SI"
30,504,"SI"
32,496,"SI"
32,497,"SI"
32,498,"SI"
32,499,"SI"
32,500,"SI"
32,501,"SI"
32,503,"SI"
32,504,"SI"
32,505,"SI"
33,495,"SI"
33,496,"SI"
33,497,"SI"
33,498,"SI"
33,499,"SI"
33,500,"SI"
33,501,"SI"
33,502,"SI"
33,503,"SI"
33,504,"SI"
33,505,"SI"
36,500,"SI"
36,501,"SI"
36,502,"SI"
36,504,"SI"
36,505,"SI"
38,497,"SI"
38,498,"SI"
38,503,"SI"
38,504,"SI"
41,495,"SI"
41,504,"SI"
44,495,"SI"
44,496,"SI"
44,497,"SI"
44,498,"SI"
44,499,"SI"
44,500,"SI"
44,501,"SI"
44,502,"SI"
44,503,"SI"
44,504,"SI"
44,505,"SI"
45,496,"SI"
45,497,"SI"
45,498,"SI"
45,499,"SI"
45,500,"SI"
45,501,"SI"
45,503,"SI"
45,504,"SI"
46,496,"SI"
46,497,"SI"
46,498,"SI"
46,499,"SI"
46,504,"SI"
46,505,"SI"
47,496,"SI"
47,499,"SI"
47,500,"SI"
47,501,"SI"
47,502,"SI"
47,503,"SI"
47,505,"SI"
48,496,"SI"
48,497,"SI"
48,498,"SI"
48,499,"SI"
48,504,"SI"
48,505,"SI"
49,496,"SI"
49,497,"SI"
49,498,"SI"
49,499,"SI"
49,501,"SI"
49,504,"SI"
51,495,"SI"
51,496,"SI"
51,504,"SI"
56,496,"SI"
56,497,"SI"
56,498,"SI"
56,499,"SI"
56,500,"SI"
56,501,"SI"
56,503,"SI"
57,495,"SI"
57,496,"SI"
57,497,"SI"
57,498,"SI"
57,499,"SI"
57,500,"SI"
57,501,"SI"
57,502,"SI"
57,503,"SI"
57,504,"SI"
57,505,"SI"
59,496,"SI"
59,501,"SI"
59,503,"SI"
59,504,"SI"
59,505,"SI"
61,496,"SI"
61,497,"SI"
61,498,"SI"
61,499,"SI"
61,504,"SI"
61,505,"SI"
62,495,"SI"
62,497,"SI"
62,498,"SI"
62,499,"SI"
62,500,"SI"
62,502,"SI"
62,504,"SI"
64,496,"SI"
64,497,"SI"
64,498,"SI"
64,499,"SI"
64,500,"SI"
64,501,"SI"
64,502,"SI"
64,503,"SI"
64,504,"SI"
64,505,"SI"
67,495,"SI"
67,496,"SI"
67,497,"SI"
67,498,"SI"
67,499,"SI"
67,500,"SI"
67,501,"SI"
67,502,"SI"
67,503,"SI"
67,504,"SI"
67,505,"SI"
72,496,"SI"
72,497,"SI"
72,498,"SI"
72,499,"SI"
72,500,"SI"
72,501,"SI"
72,503,"SI"
72,504,"SI"
76,497,"SI"
76,499,"SI"
76,500,"SI"
76,504,"SI"
77,496,"SI"
77,497,"SI"
77,498,"SI"
77,499,"SI"
77,503,"SI"
77,504,"SI"
77,505,"SI"
78,496,"SI"
78,497,"SI"
78,498,"SI"
78,499,"SI"
78,501,"SI"
78,502,"SI"
78,504,"SI"
78,505,"SI"
80,495,"SI"
80,497,"SI"
80,498,"SI"
80,500,"SI"
80,503,"SI"
80,505,"SI"
81,502,"SI"
81,504,"SI"
86,495,"SI"
86,497,"SI"
86,500,"SI"
91,496,"SI"
91,497,"SI"
91,498,"SI"
91,499,"SI"
91,500,"SI"
91,501,"SI"
91,503,"SI"
91,504,"SI"
91,505,"SI"
99,495,"SI"
99,496,"SI"
99,497,"SI"
99,498,"SI"
99,499,"SI"
99,500,"SI"
99,501,"SI"
99,502,"SI"
99,503,"SI"
99,504,"SI"
99,505,"SI"
14,124,"SI"
14,236,"SI"
14,123,"SI"
14,112,"SI"
14,126,"SI"
14,190,"SI"
14,127,"SI"
26,231,"SI"
69,343,"SI"
44,351,"SI"
28,362,"SI"
14,337,"SI"
361,376,"SI"
337,365,"SI"
28,464,"SI"
28,426,"SI"
28,435,"SI"
44,457,"SI"
44,445,"SI"
28,425,"SI"
14,445,"SI"
28,471,"SI"
44,435,"SI"
44,455,"SI"
26,396,"SI"
14,447,"SI"
28,438,"SI"
14,484,"SI"
484,534,"SI"
26,287,"SI"
26,270,"SI"
26,303,"SI"
26,259,"SI"
78,255,"SI"
26,306,"SI"
26,305,"SI"
26,197,"SI"
26,224,"SI"
26,129,"SI"
26,101,"SI"
26,299,"SI"
26,291,"SI"
19,327,"SI"
14,113,"SI"
14,101,"SI"
26,171,"SI"
14,303,"SI"
26,213,"SI"
14,179,"SI"
26,320,"SI"
14,284,"SI"
14,302,"SI"
28,313,"SI"
14,314,"SI"
14,522,"SI"
14,515,"SI"
28,515,"SI"
54,496,"SI"
54,497,"SI"
54,498,"SI"
54,499,"SI"
54,500,"SI"
54,501,"SI"
54,503,"SI"
54,505,"SI"
60,496,"SI"
60,499,"SI"
60,500,"SI"
60,502,"SI"
60,504,"SI"
14,122,"SI"
26,277,"SI"
61,188,"SI"
61,322,"SI"
61,211,"SI"
78,126,"SI"
61,315,"SI"
86,355,"SI"
77,364,"SI"
14,360,"SI"
364,365,"SI"
337,369,"SI"
337,377,"SI"
337,376,"SI"
337,381,"SI"
337,378,"SI"
337,371,"SI"
360,365,"SI"
360,376,"SI"
61,308,"SI"
61,189,"SI"
61,265,"SI"
28,179,"SI"
14,300,"SI"
26,150,"SI"
26,222,"SI"
26,248,"SI"
26,165,"SI"
14,109,"SI"
28,303,"SI"
10,496,"SI"
10,499,"SI"
10,500,"SI"
10,501,"SI"
10,502,"SI"
10,503,"SI"
10,505,"SI"
63,496,"SI"
63,497,"SI"
63,498,"SI"
63,499,"SI"
63,504,"SI"
63,505,"SI"
11,105,"I"
77,317,"I"
77,202,"I"
78,123,"I"
26,183,"I"
20,123,"I"
20,126,"I"
26,318,"I"
76,276,"I"
26,144,"I"
76,322,"I"
20,279,"I"
61,278,"I"
61,190,"I"
61,318,"I"
61,186,"I"
61,282,"I"
61,203,"I"
61,317,"I"
26,232,"I"
61,232,"I"
61,276,"I"
95,295,"I"
95,112,"I"
95,126,"I"
11,232,"I"
61,343,"I"
99,358,"I"
11,349,"I"
28,363,"I"
98,358,"I"
78,348,"I"
77,348,"I"
66,354,"I"
38,343,"I"
97,358,"I"
44,357,"I"
19,354,"I"
44,358,"I"
97,351,"I"
26,361,"I"
33,341,"I"
28,344,"I"
358,376,"I"
358,377,"I"
358,368,"I"
343,367,"I"
358,367,"I"
358,378,"I"
358,374,"I"
358,369,"I"
358,365,"I"
358,381,"I"
358,380,"I"
361,374,"I"
358,370,"I"
341,381,"I"
343,377,"I"
343,380,"I"
343,376,"I"
361,372,"I"
26,445,"I"
26,438,"I"
26,422,"I"
26,467,"I"
26,470,"I"
98,470,"I"
28,470,"I"
28,421,"I"
28,439,"I"
98,445,"I"
19,469,"I"
99,412,"I"
77,417,"I"
77,445,"I"
26,421,"I"
77,470,"I"
77,471,"I"
26,437,"I"
26,447,"I"
44,467,"I"
26,415,"I"
14,421,"I"
86,410,"I"
64,463,"I"
64,445,"I"
64,435,"I"
77,425,"I"
77,422,"I"
64,438,"I"
64,447,"I"
17,410,"I"
17,421,"I"
77,467,"I"
28,445,"I"
26,455,"I"
11,469,"I"
94,445,"I"
77,458,"I"
11,440,"I"
11,419,"I"
94,429,"I"
11,445,"I"
94,457,"I"
94,438,"I"
44,433,"I"
26,441,"I"
28,389,"I"
26,397,"I"
26,465,"I"
14,430,"I"
77,455,"I"
96,445,"I"
17,467,"I"
96,438,"I"
95,469,"I"
95,445,"I"
95,422,"I"
95,438,"I"
44,438,"I"
44,425,"I"
26,401,"I"
26,469,"I"
26,389,"I"
26,394,"I"
26,390,"I"
28,433,"I"
26,425,"I"
26,426,"I"
14,482,"I"
14,483,"I"
14,486,"I"
482,534,"I"
483,534,"I"
486,534,"I"
482,540,"I"
483,540,"I"
486,540,"I"
4,508,"I"
5,508,"I"
7,508,"I"
11,508,"I"
12,508,"I"
14,508,"I"
30,508,"I"
33,508,"I"
36,508,"I"
39,508,"I"
44,508,"I"
47,508,"I"
49,508,"I"
57,508,"I"
59,508,"I"
67,508,"I"
72,508,"I"
80,508,"I"
82,508,"I"
99,508,"I"
11,326,"I"
77,259,"I"
78,308,"I"
11,179,"I"
11,164,"I"
11,141,"I"
47,179,"I"
61,179,"I"
47,193,"I"
76,179,"I"
26,166,"I"
26,228,"I"
26,179,"I"
38,179,"I"
26,198,"I"
61,128,"I"
61,264,"I"
61,244,"I"
61,303,"I"
61,164,"I"
20,164,"I"
61,247,"I"
61,196,"I"
28,131,"I"
61,259,"I"
28,244,"I"
11,259,"I"
61,138,"I"
62,259,"I"
61,248,"I"
47,138,"I"
26,237,"I"
61,286,"I"
61,209,"I"
61,285,"I"
26,164,"I"
24,181,"I"
61,249,"I"
61,302,"I"
61,252,"I"
61,250,"I"
61,173,"I"
61,132,"I"
95,196,"I"
17,223,"I"
11,249,"I"
11,255,"I"
26,142,"I"
11,143,"I"
11,138,"I"
11,222,"I"
11,158,"I"
11,170,"I"
11,266,"I"
11,140,"I"
11,304,"I"
11,303,"I"
61,301,"I"
32,519,"I"
32,524,"I"
95,514,"I"
91,516,"I"
95,516,"I"
61,517,"I"
14,523,"I"
95,523,"I"
14,513,"I"
28,513,"I"
26,514,"I"
28,514,"I"
28,516,"I"
26,517,"I"
28,517,"I"
28,519,"I"
28,523,"I"
61,523,"I"
11,525,"I"
14,525,"I"
26,525,"I"
28,525,"I"
26,522,"I"
4,495,"I"
4,496,"I"
4,497,"I"
4,498,"I"
4,499,"I"
4,500,"I"
4,501,"I"
4,502,"I"
4,503,"I"
4,504,"I"
4,505,"I"
5,496,"I"
5,497,"I"
5,498,"I"
5,499,"I"
5,501,"I"
5,504,"I"
7,496,"I"
7,497,"I"
7,498,"I"
7,499,"I"
7,500,"I"
7,501,"I"
7,502,"I"
7,503,"I"
7,504,"I"
8,496,"I"
8,497,"I"
8,498,"I"
8,499,"I"
8,501,"I"
8,504,"I"
8,505,"I"
11,497,"I"
11,499,"I"
11,500,"I"
11,501,"I"
11,502,"I"
11,504,"I"
11,505,"I"
12,495,"I"
12,496,"I"
12,497,"I"
12,498,"I"
12,499,"I"
12,500,"I"
12,501,"I"
12,502,"I"
12,503,"I"
12,504,"I"
12,505,"I"
13,499,"I"
13,502,"I"
13,504,"I"
13,505,"I"
14,496,"I"
14,497,"I"
14,498,"I"
14,499,"I"
14,500,"I"
14,502,"I"
14,503,"I"
14,504,"I"
16,496,"I"
16,497,"I"
16,498,"I"
16,499,"I"
16,500,"I"
16,503,"I"
16,504,"I"
16,505,"I"
17,497,"I"
17,500,"I"
19,496,"I"
19,497,"I"
19,498,"I"
19,499,"I"
19,500,"I"
19,503,"I"
19,504,"I"
19,505,"I"
20,495,"I"
20,497,"I"
20,498,"I"
20,502,"I"
23,496,"I"
23,497,"I"
23,498,"I"
23,499,"I"
23,500,"I"
23,501,"I"
23,503,"I"
23,504,"I"
23,505,"I"
24,496,"I"
24,502,"I"
24,503,"I"
24,504,"I"
26,495,"I"
26,497,"I"
26,498,"I"
26,499,"I"
26,500,"I"
26,501,"I"
26,502,"I"
26,504,"I"
26,505,"I"
28,496,"I"
28,497,"I"
28,498,"I"
28,499,"I"
28,502,"I"
28,504,"I"
28,505,"I"
30,499,"I"
30,504,"I"
32,496,"I"
32,497,"I"
32,498,"I"
32,499,"I"
32,500,"I"
32,501,"I"
32,503,"I"
32,504,"I"
32,505,"I"
33,495,"I"
33,496,"I"
33,497,"I"
33,498,"I"
33,499,"I"
33,500,"I"
33,501,"I"
33,502,"I"
33,503,"I"
33,504,"I"
33,505,"I"
36,500,"I"
36,501,"I"
36,502,"I"
36,504,"I"
36,505,"I"
38,497,"I"
38,498,"I"
38,503,"I"
38,504,"I"
41,495,"I"
41,504,"I"
44,495,"I"
44,496,"I"
44,497,"I"
44,498,"I"
44,499,"I"
44,500,"I"
44,501,"I"
44,502,"I"
44,503,"I"
44,504,"I"
44,505,"I"
45,496,"I"
45,497,"I"
45,498,"I"
45,499,"I"
45,500,"I"
45,501,"I"
45,503,"I"
45,504,"I"
46,496,"I"
46,497,"I"
46,498,"I"
46,499,"I"
46,504,"I"
46,505,"I"
47,496,"I"
47,499,"I"
47,500,"I"
47,501,"I"
47,502,"I"
47,503,"I"
47,505,"I"
48,496,"I"
48,497,"I"
48,498,"I"
48,499,"I"
48,504,"I"
48,505,"I"
49,496,"I"
49,497,"I"
49,498,"I"
49,499,"I"
49,501,"I"
49,504,"I"
51,495,"I"
51,496,"I"
51,504,"I"
56,496,"I"
56,497,"I"
56,498,"I"
56,499,"I"
56,500,"I"
56,501,"I"
56,503,"I"
57,495,"I"
57,496,"I"
57,497,"I"
57,498,"I"
57,499,"I"
57,500,"I"
57,501,"I"
57,502,"I"
57,503,"I"
57,504,"I"
57,505,"I"
59,496,"I"
59,501,"I"
59,503,"I"
59,504,"I"
59,505,"I"
61,496,"I"
61,497,"I"
61,498,"I"
61,499,"I"
61,504,"I"
61,505,"I"
62,495,"I"
62,497,"I"
62,498,"I"
62,499,"I"
62,500,"I"
62,502,"I"
62,504,"I"
64,496,"I"
64,497,"I"
64,498,"I"
64,499,"I"
64,500,"I"
64,501,"I"
64,502,"I"
64,503,"I"
64,504,"I"
64,505,"I"
67,495,"I"
67,496,"I"
67,497,"I"
67,498,"I"
67,499,"I"
67,500,"I"
67,501,"I"
67,502,"I"
67,503,"I"
67,504,"I"
67,505,"I"
72,496,"I"
72,497,"I"
72,498,"I"
72,499,"I"
72,500,"I"
72,501,"I"
72,503,"I"
72,504,"I"
76,497,"I"
76,499,"I"
76,500,"I"
76,504,"I"
77,496,"I"
77,497,"I"
77,498,"I"
77,499,"I"
77,503,"I"
77,504,"I"
77,505,"I"
78,496,"I"
78,497,"I"
78,498,"I"
78,499,"I"
78,501,"I"
78,502,"I"
78,504,"I"
78,505,"I"
80,495,"I"
80,497,"I"
80,498,"I"
80,500,"I"
80,503,"I"
80,505,"I"
81,502,"I"
81,504,"I"
86,495,"I"
86,497,"I"
86,500,"I"
91,496,"I"
91,497,"I"
91,498,"I"
91,499,"I"
91,500,"I"
91,501,"I"
91,503,"I"
91,504,"I"
91,505,"I"
99,495,"I"
99,496,"I"
99,497,"I"
99,498,"I"
99,499,"I"
99,500,"I"
99,501,"I"
99,502,"I"
99,503,"I"
99,504,"I"
99,505,"I"
95,295,"IN"
95,112,"IN"
95,126,"IN"
99,358,"IN"
98,358,"IN"
97,358,"IN"
97,351,"IN"
358,376,"IN"
358,377,"IN"
358,368,"IN"
358,367,"IN"
358,378,"IN"
358,374,"IN"
358,369,"IN"
358,365,"IN"
358,381,"IN"
358,380,"IN"
358,370,"IN"
98,470,"IN"
98,445,"IN"
99,412,"IN"
94,445,"IN"
94,429,"IN"
94,457,"IN"
94,438,"IN"
96,445,"IN"
96,438,"IN"
95,469,"IN"
95,445,"IN"
95,422,"IN"
95,438,"IN"
99,508,"IN"
95,196,"IN"
95,514,"IN"
95,516,"IN"
95,523,"IN"
99,495,"IN"
99,496,"IN"
99,497,"IN"
99,498,"IN"
99,499,"IN"
99,500,"IN"
99,501,"IN"
99,502,"IN"
99,503,"IN"
99,504,"IN"
99,505,"IN"
