"management","node_id","abun","taxon"
"E",11,2099,"Plant"
"E",77,1320,"Plant"
"E",78,1736,"Plant"
"E",26,61272,"Plant"
"E",20,360,"Plant"
"E",76,60,"Plant"
"E",61,9693,"Plant"
"E",95,280,"Crop"
"E",99,158,"Crop"
"E",28,22624,"Plant"
"E",98,32,"Crop"
"E",66,4,"Plant"
"E",38,1320,"Plant"
"E",97,28,"Crop"
"E",44,11407,"Plant"
"E",19,961,"Plant"
"E",33,1309,"Plant"
"E",358,39513751,"Aphid"
"E",343,120522021,"Aphid"
"E",361,1205896,"Aphid"
"E",341,9202068,"Aphid"
"E",14,15475,"Plant"
"E",86,77,"Plant"
"E",64,1568,"Plant"
"E",17,187,"Plant"
"E",94,9,"Crop"
"E",96,12,"Crop"
"E",482,92245,"Seed-feeding insect"
"E",483,131623,"Seed-feeding insect"
"E",486,466123,"Seed-feeding insect"
"E",4,66,"Plant"
"E",5,770,"Plant"
"E",7,7462,"Plant"
"E",12,357,"Plant"
"E",30,126,"Plant"
"E",36,155,"Plant"
"E",39,15,"Plant"
"E",47,130,"Plant"
"E",49,750,"Plant"
"E",57,430,"Plant"
"E",59,115,"Plant"
"E",67,312,"Plant"
"E",72,324,"Plant"
"E",80,784,"Plant"
"E",82,63,"Plant"
"E",62,70,"Plant"
"E",24,14,"Plant"
"E",32,377,"Plant"
"E",91,162,"Plant"
"E",8,24,"Plant"
"E",13,264,"Plant"
"E",16,140,"Plant"
"E",23,20,"Plant"
"E",41,60,"Plant"
"E",45,162,"Plant"
"E",46,50,"Plant"
"E",48,84,"Plant"
"E",51,279,"Plant"
"E",56,8,"Plant"
"E",81,3,"Plant"
"E",105,377,"Flower-visiting"
"E",317,3403,"Flower-visiting"
"E",202,381,"Flower-visiting"
"E",123,8515,"Flower-visiting"
"E",183,583,"Flower-visiting"
"E",126,4973,"Flower-visiting"
"E",318,4104,"Flower-visiting"
"E",276,1737,"Flower-visiting"
"E",144,387,"Flower-visiting"
"E",322,768,"Flower-visiting"
"E",279,416,"Flower-visiting"
"E",278,386,"Flower-visiting"
"E",190,1012,"Flower-visiting"
"E",186,1363,"Flower-visiting"
"E",282,386,"Flower-visiting"
"E",203,386,"Flower-visiting"
"E",232,1906,"Flower-visiting"
"E",295,1433,"Flower-visiting"
"E",112,12092,"Flower-visiting"
"E",349,2010187,"Aphid"
"E",363,66557545,"Aphid"
"E",348,2053146,"Aphid"
"E",354,138324,"Aphid"
"E",357,29888031,"Aphid"
"E",351,687006,"Aphid"
"E",344,403495,"Aphid"
"E",376,282081,"Secondary aphid parasitoid"
"E",377,406322,"Secondary aphid parasitoid"
"E",368,74955,"Primary aphid parasitoid"
"E",367,25471,"Primary aphid parasitoid"
"E",378,85584,"Secondary aphid parasitoid"
"E",374,131298,"Primary aphid parasitoid"
"E",369,105719,"Primary aphid parasitoid"
"E",365,271994,"Primary aphid parasitoid"
"E",381,412269,"Secondary aphid parasitoid"
"E",380,50697,"Secondary aphid parasitoid"
"E",370,116405,"Primary aphid parasitoid"
"E",372,9397,"Primary aphid parasitoid"
"E",445,1407294,"Leaf-miner parasitoid"
"E",438,363870,"Leaf-miner parasitoid"
"E",422,54846,"Leaf-miner parasitoid"
"E",467,63605,"Leaf-miner parasitoid"
"E",470,769317,"Leaf-miner parasitoid"
"E",421,29414,"Leaf-miner parasitoid"
"E",439,372201,"Leaf-miner parasitoid"
"E",469,73873,"Leaf-miner parasitoid"
"E",412,20133,"Leaf-miner parasitoid"
"E",417,18723,"Leaf-miner parasitoid"
"E",471,132666,"Leaf-miner parasitoid"
"E",437,83934,"Leaf-miner parasitoid"
"E",447,89506,"Leaf-miner parasitoid"
"E",415,204895,"Leaf-miner parasitoid"
"E",410,20452,"Leaf-miner parasitoid"
"E",463,13160,"Leaf-miner parasitoid"
"E",435,136835,"Leaf-miner parasitoid"
"E",425,98995,"Leaf-miner parasitoid"
"E",455,44589,"Leaf-miner parasitoid"
"E",458,4002,"Leaf-miner parasitoid"
"E",440,16008,"Leaf-miner parasitoid"
"E",419,4002,"Leaf-miner parasitoid"
"E",429,6131,"Leaf-miner parasitoid"
"E",457,148144,"Leaf-miner parasitoid"
"E",433,115895,"Leaf-miner parasitoid"
"E",441,28317,"Leaf-miner parasitoid"
"E",389,22521,"Leaf-miner parasitoid"
"E",397,9974,"Leaf-miner parasitoid"
"E",465,17434,"Leaf-miner parasitoid"
"E",430,19092,"Leaf-miner parasitoid"
"E",401,44526,"Leaf-miner parasitoid"
"E",394,6580,"Leaf-miner parasitoid"
"E",390,14915,"Leaf-miner parasitoid"
"E",426,85634,"Leaf-miner parasitoid"
"E",534,399544,"Insect seed-feeder parasitoid"
"E",540,41403,"Insect seed-feeder parasitoid"
"E",508,1069,"Seed-feeding rodent"
"E",326,399,"Flower-visiting"
"E",259,20513,"Flower-visiting"
"E",308,1399,"Flower-visiting"
"E",179,19286,"Flower-visiting"
"E",164,12899,"Flower-visiting"
"E",141,413,"Flower-visiting"
"E",193,512,"Flower-visiting"
"E",166,374,"Flower-visiting"
"E",228,428,"Flower-visiting"
"E",198,552,"Flower-visiting"
"E",128,393,"Flower-visiting"
"E",264,771,"Flower-visiting"
"E",244,1988,"Flower-visiting"
"E",303,14255,"Flower-visiting"
"E",247,774,"Flower-visiting"
"E",196,1727,"Flower-visiting"
"E",131,775,"Flower-visiting"
"E",138,2803,"Flower-visiting"
"E",248,2049,"Flower-visiting"
"E",237,4976,"Flower-visiting"
"E",286,395,"Flower-visiting"
"E",209,1504,"Flower-visiting"
"E",285,887,"Flower-visiting"
"E",181,348,"Flower-visiting"
"E",249,1448,"Flower-visiting"
"E",302,1880,"Flower-visiting"
"E",252,1113,"Flower-visiting"
"E",250,348,"Flower-visiting"
"E",173,1423,"Flower-visiting"
"E",132,1389,"Flower-visiting"
"E",223,360,"Flower-visiting"
"E",255,1471,"Flower-visiting"
"E",142,360,"Flower-visiting"
"E",143,360,"Flower-visiting"
"E",222,687,"Flower-visiting"
"E",158,1047,"Flower-visiting"
"E",170,360,"Flower-visiting"
"E",266,360,"Flower-visiting"
"E",140,900,"Flower-visiting"
"E",304,2688,"Flower-visiting"
"E",301,333,"Flower-visiting"
"E",519,307,"Butterfly"
"E",524,79,"Butterfly"
"E",514,213,"Butterfly"
"E",516,179,"Butterfly"
"E",517,4709,"Butterfly"
"E",523,109,"Butterfly"
"E",513,595,"Butterfly"
"E",525,375,"Butterfly"
"E",522,71,"Butterfly"
"E",495,48,"Seed-feeding bird"
"E",496,315,"Seed-feeding bird"
"E",497,40,"Seed-feeding bird"
"E",498,1024,"Seed-feeding bird"
"E",499,107,"Seed-feeding bird"
"E",500,286,"Seed-feeding bird"
"E",501,420,"Seed-feeding bird"
"E",502,107,"Seed-feeding bird"
"E",503,122,"Seed-feeding bird"
"E",504,129,"Seed-feeding bird"
"E",505,60,"Seed-feeding bird"
"E",3,90,"Plant"
"E",54,3420,"Plant"
"E",492,43145,"Seed-feeding insect"
"E",494,73242,"Seed-feeding insect"
"E",484,748210,"Seed-feeding insect"
"E",25,1158,"Plant"
"E",2,270,"Plant"
"E",10,91,"Plant"
"E",27,60,"Plant"
"E",58,40,"Plant"
"E",63,52,"Plant"
"E",71,192,"Plant"
"E",75,56,"Plant"
"E",124,4572,"Flower-visiting"
"E",323,9,"Flower-visiting"
"E",212,139,"Flower-visiting"
"E",345,1710741,"Aphid"
"E",452,3855,"Leaf-miner parasitoid"
"E",446,1687,"Leaf-miner parasitoid"
"E",462,8515,"Leaf-miner parasitoid"
"E",454,1542,"Leaf-miner parasitoid"
"E",451,1906,"Leaf-miner parasitoid"
"E",461,27895,"Leaf-miner parasitoid"
"E",423,3831,"Leaf-miner parasitoid"
"E",436,9423,"Leaf-miner parasitoid"
"E",453,1542,"Leaf-miner parasitoid"
"E",407,1542,"Leaf-miner parasitoid"
"E",493,11113,"Seed-feeding insect"
"E",530,2057,"Insect seed-feeder parasitoid"
"E",542,92458,"Insect seed-feeder parasitoid"
"E",543,76075,"Insect seed-feeder parasitoid"
"E",246,9,"Flower-visiting"
"E",258,567,"Flower-visiting"
"E",101,535,"Flower-visiting"
"E",230,9,"Flower-visiting"
"E",163,9,"Flower-visiting"
"E",167,9,"Flower-visiting"
"E",151,374,"Flower-visiting"
"E",152,32,"Flower-visiting"
"E",283,1175,"Flower-visiting"
"E",195,759,"Flower-visiting"
"E",254,59,"Flower-visiting"
"E",210,379,"Flower-visiting"
"E",335,9,"Flower-visiting"
"E",240,416,"Flower-visiting"
"E",215,176,"Flower-visiting"
"E",267,416,"Flower-visiting"
"E",139,185,"Flower-visiting"
"E",512,61,"Butterfly"
"E",521,18,"Butterfly"
"E",515,65,"Butterfly"
"E",526,27,"Butterfly"
"E",520,38,"Butterfly"
"E",545,164,"Rodent ectoparasite"
"E",548,52,"Rodent ectoparasite"
"E",549,3,"Rodent ectoparasite"
"E",69,2,"Plant"
"E",337,297745,"Aphid"
"E",60,35,"Plant"
"E",236,238,"Flower-visiting"
"E",127,476,"Flower-visiting"
"E",231,1205,"Flower-visiting"
"E",362,96720258,"Aphid"
"E",464,21603,"Leaf-miner parasitoid"
"E",396,32227,"Leaf-miner parasitoid"
"E",287,238,"Flower-visiting"
"E",270,238,"Flower-visiting"
"E",306,486,"Flower-visiting"
"E",305,2434,"Flower-visiting"
"E",197,476,"Flower-visiting"
"E",224,608,"Flower-visiting"
"E",129,1052,"Flower-visiting"
"E",299,238,"Flower-visiting"
"E",291,273,"Flower-visiting"
"E",327,2457,"Flower-visiting"
"E",113,238,"Flower-visiting"
"E",171,818,"Flower-visiting"
"E",213,238,"Flower-visiting"
"E",320,1205,"Flower-visiting"
"E",284,1255,"Flower-visiting"
"E",313,2420,"Flower-visiting"
"E",314,1205,"Flower-visiting"
"E",53,168,"Plant"
"E",85,371,"Plant"
"E",73,138,"Plant"
"E",352,142479,"Aphid"
"E",356,11319,"Aphid"
"E",350,104462,"Aphid"
"E",37,6,"Plant"
"E",55,2,"Plant"
"E",491,292,"Seed-feeding insect"
"E",1,56,"Plant"
"E",34,15,"Plant"
"E",40,90,"Plant"
"E",50,96,"Plant"
"E",22,66,"Plant"
"E",74,85,"Plant"
"E",6,24,"Plant"
"E",15,40,"Plant"
"E",507,33,"Seed-feeding rodent"
"E",510,520,"Seed-feeding rodent"
"E",52,40,"Plant"
"E",281,10,"Flower-visiting"
"E",219,45,"Flower-visiting"
"E",280,10,"Flower-visiting"
"E",274,10,"Flower-visiting"
"E",233,89,"Flower-visiting"
"E",187,124,"Flower-visiting"
"E",234,10,"Flower-visiting"
"E",122,777,"Flower-visiting"
"E",243,101,"Flower-visiting"
"E",340,442817,"Aphid"
"E",359,34464,"Aphid"
"E",342,5252,"Aphid"
"E",448,729,"Leaf-miner parasitoid"
"E",399,771,"Leaf-miner parasitoid"
"E",404,9581,"Leaf-miner parasitoid"
"E",387,990,"Leaf-miner parasitoid"
"E",444,219,"Leaf-miner parasitoid"
"E",475,219,"Leaf-miner parasitoid"
"E",434,219,"Leaf-miner parasitoid"
"E",409,219,"Leaf-miner parasitoid"
"E",424,2313,"Leaf-miner parasitoid"
"E",408,656,"Leaf-miner parasitoid"
"E",391,19000,"Leaf-miner parasitoid"
"E",388,729,"Leaf-miner parasitoid"
"E",384,1531,"Leaf-miner parasitoid"
"E",393,584,"Leaf-miner parasitoid"
"E",443,584,"Leaf-miner parasitoid"
"E",459,106551,"Leaf-miner parasitoid"
"E",476,1324,"Seed-feeding insect"
"E",537,1167,"Insect seed-feeder parasitoid"
"E",509,23,"Seed-feeding rodent"
"E",289,10,"Flower-visiting"
"E",192,10,"Flower-visiting"
"E",134,30,"Flower-visiting"
"E",235,42,"Flower-visiting"
"E",221,10,"Flower-visiting"
"E",189,312,"Flower-visiting"
"E",241,10,"Flower-visiting"
"E",324,10,"Flower-visiting"
"E",100,20,"Flower-visiting"
"E",176,10,"Flower-visiting"
"E",107,20,"Flower-visiting"
"E",201,409,"Flower-visiting"
"E",239,10,"Flower-visiting"
"E",117,10,"Flower-visiting"
"E",218,10,"Flower-visiting"
"E",260,10,"Flower-visiting"
"E",120,20,"Flower-visiting"
"E",214,184,"Flower-visiting"
"E",103,288,"Flower-visiting"
"E",251,20,"Flower-visiting"
"E",121,20,"Flower-visiting"
"E",199,60,"Flower-visiting"
"E",111,70,"Flower-visiting"
"E",265,312,"Flower-visiting"
"E",290,10,"Flower-visiting"
"E",169,112,"Flower-visiting"
"E",329,20,"Flower-visiting"
"E",294,238,"Flower-visiting"
"E",296,129,"Flower-visiting"
"E",271,10,"Flower-visiting"
"E",136,10,"Flower-visiting"
"E",216,10,"Flower-visiting"
"E",263,20,"Flower-visiting"
"E",137,20,"Flower-visiting"
"E",262,20,"Flower-visiting"
"E",182,20,"Flower-visiting"
"E",180,59,"Flower-visiting"
"E",272,20,"Flower-visiting"
"E",174,20,"Flower-visiting"
"E",177,20,"Flower-visiting"
"E",229,20,"Flower-visiting"
"E",227,23,"Flower-visiting"
"E",159,20,"Flower-visiting"
"E",184,1645,"Flower-visiting"
"E",104,312,"Flower-visiting"
"E",133,20,"Flower-visiting"
"E",307,39,"Flower-visiting"
"E",334,20,"Flower-visiting"
"E",161,20,"Flower-visiting"
"E",275,20,"Flower-visiting"
"E",162,20,"Flower-visiting"
"E",321,20,"Flower-visiting"
"E",511,10,"Butterfly"
"E",546,34,"Rodent ectoparasite"
"E",547,39,"Rodent ectoparasite"
"E",550,13,"Rodent ectoparasite"
"E",544,244,"Rodent ectoparasite"
"E",70,150,"Plant"
"E",79,2,"Plant"
"E",347,145,"Aphid"
"E",88,10,"Plant"
"E",90,144,"Plant"
"E",35,13,"Plant"
"E",84,30,"Plant"
"E",316,3,"Flower-visiting"
"E",188,311,"Flower-visiting"
"E",339,726,"Aphid"
"E",353,1597,"Aphid"
"E",379,73,"Secondary aphid parasitoid"
"E",466,1915,"Leaf-miner parasitoid"
"E",411,99534,"Leaf-miner parasitoid"
"E",456,57343,"Leaf-miner parasitoid"
"E",432,73,"Leaf-miner parasitoid"
"E",403,97,"Leaf-miner parasitoid"
"E",405,97,"Leaf-miner parasitoid"
"E",400,97,"Leaf-miner parasitoid"
"E",406,97,"Leaf-miner parasitoid"
"E",226,3,"Flower-visiting"
"E",185,28,"Flower-visiting"
"E",311,3,"Flower-visiting"
"E",206,3,"Flower-visiting"
"E",245,28,"Flower-visiting"
"E",225,53,"Flower-visiting"
"E",288,3,"Flower-visiting"
"E",135,3,"Flower-visiting"
"E",156,4,"Flower-visiting"
"E",172,3,"Flower-visiting"
"E",293,744,"Flower-visiting"
"E",150,676,"Flower-visiting"
"E",268,53,"Flower-visiting"
"E",331,3,"Flower-visiting"
"E",178,7,"Flower-visiting"
"E",325,7,"Flower-visiting"
"E",238,7,"Flower-visiting"
"E",333,562,"Flower-visiting"
"E",220,7,"Flower-visiting"
"E",256,7,"Flower-visiting"
"E",364,322636,"Aphid"
"E",360,60494,"Aphid"
"E",277,327,"Flower-visiting"
"E",211,302,"Flower-visiting"
"E",315,302,"Flower-visiting"
"E",355,194926,"Aphid"
"E",371,6722,"Primary aphid parasitoid"
"E",300,302,"Flower-visiting"
"E",165,302,"Flower-visiting"
"E",109,302,"Flower-visiting"
"E",18,10,"Plant"
"E",31,200,"Plant"
"E",478,65740,"Seed-feeding insect"
"E",125,395,"Flower-visiting"
"E",373,12326,"Primary aphid parasitoid"
"E",450,6163,"Leaf-miner parasitoid"
"E",442,49305,"Leaf-miner parasitoid"
"E",485,8218,"Seed-feeding insect"
"E",536,24653,"Insect seed-feeder parasitoid"
"E",292,370,"Flower-visiting"
"E",297,3698,"Flower-visiting"
"E",217,5177,"Flower-visiting"
"E",208,740,"Flower-visiting"
"E",298,740,"Flower-visiting"
"E",114,1294,"Flower-visiting"
"E",200,740,"Flower-visiting"
"E",154,740,"Flower-visiting"
"E",518,47,"Butterfly"
"E",65,12,"Plant"
"E",21,72,"Plant"
"E",89,9,"Plant"
"E",87,2,"Plant"
"E",68,279,"Plant"
"E",83,3,"Plant"
"E",477,1105,"Seed-feeding insect"
"E",487,552,"Seed-feeding insect"
"E",489,552,"Seed-feeding insect"
"E",490,552,"Seed-feeding insect"
"E",479,552,"Seed-feeding insect"
"E",480,552,"Seed-feeding insect"
"E",488,552,"Seed-feeding insect"
"E",481,6075,"Seed-feeding insect"
"E",42,3,"Plant"
"E",336,25,"Flower-visiting"
"E",146,25,"Flower-visiting"
"E",191,25,"Flower-visiting"
"E",148,25,"Flower-visiting"
"E",149,25,"Flower-visiting"
"E",145,25,"Flower-visiting"
"E",147,25,"Flower-visiting"
"E",157,50,"Flower-visiting"
"E",106,50,"Flower-visiting"
"E",366,552,"Primary aphid parasitoid"
"E",382,552,"Secondary aphid parasitoid"
"E",413,552,"Leaf-miner parasitoid"
"E",392,552,"Leaf-miner parasitoid"
"E",418,552,"Leaf-miner parasitoid"
"E",431,1657,"Leaf-miner parasitoid"
"E",474,552,"Leaf-miner parasitoid"
"E",395,552,"Leaf-miner parasitoid"
"E",527,1105,"Insect seed-feeder parasitoid"
"E",528,1105,"Insect seed-feeder parasitoid"
"E",529,552,"Insect seed-feeder parasitoid"
"E",531,3314,"Insect seed-feeder parasitoid"
"E",532,552,"Insect seed-feeder parasitoid"
"E",533,552,"Insect seed-feeder parasitoid"
"E",535,1105,"Insect seed-feeder parasitoid"
"E",538,1105,"Insect seed-feeder parasitoid"
"E",539,1657,"Insect seed-feeder parasitoid"
"E",541,2209,"Insect seed-feeder parasitoid"
"E",332,25,"Flower-visiting"
"E",115,25,"Flower-visiting"
"E",253,25,"Flower-visiting"
"E",160,25,"Flower-visiting"
"E",242,25,"Flower-visiting"
"E",175,25,"Flower-visiting"
"E",309,50,"Flower-visiting"
"E",330,75,"Flower-visiting"
"E",261,174,"Flower-visiting"
"E",310,25,"Flower-visiting"
"E",194,25,"Flower-visiting"
"E",207,25,"Flower-visiting"
"E",110,25,"Flower-visiting"
"E",257,25,"Flower-visiting"
"E",204,149,"Flower-visiting"
"E",273,25,"Flower-visiting"
"E",312,25,"Flower-visiting"
"E",102,25,"Flower-visiting"
"E",155,25,"Flower-visiting"
"E",130,50,"Flower-visiting"
"E",108,50,"Flower-visiting"
"E",119,50,"Flower-visiting"
"E",116,50,"Flower-visiting"
"E",328,50,"Flower-visiting"
"E",319,50,"Flower-visiting"
"E",269,50,"Flower-visiting"
"E",168,199,"Flower-visiting"
"E",153,50,"Flower-visiting"
"E",506,2,"Seed-feeding bird"
"E",402,6391,"Leaf-miner parasitoid"
"E",93,10,"Plant"
"E",9,10,"Plant"
"E",338,2486,"Aphid"
"E",92,3,"Plant"
"E",43,3,"Plant"
"E",29,4,"Plant"
"E",118,37,"Flower-visiting"
"E",346,6629,"Aphid"
"E",375,1657,"Primary aphid parasitoid"
"E",414,3314,"Leaf-miner parasitoid"
"E",398,3314,"Leaf-miner parasitoid"
"E",449,829,"Leaf-miner parasitoid"
"E",416,829,"Leaf-miner parasitoid"
"E",460,829,"Leaf-miner parasitoid"
"E",468,1657,"Leaf-miner parasitoid"
"E",473,829,"Leaf-miner parasitoid"
"E",428,128742,"Leaf-miner parasitoid"
"E",472,272267,"Leaf-miner parasitoid"
"E",420,93502,"Leaf-miner parasitoid"
"E",427,530439,"Leaf-miner parasitoid"
"E",386,100612,"Leaf-miner parasitoid"
"E",385,100612,"Leaf-miner parasitoid"
"E",383,11295,"Leaf-miner parasitoid"
"E",205,75,"Flower-visiting"
"E",551,6,"Rodent ectoparasite"
"SE",11,1803.16379310345,"Plant"
"SE",77,1154.71551724138,"Plant"
"SE",78,1376.29310344828,"Plant"
"SE",26,57009.6637931034,"Plant"
"SE",20,323.896551724138,"Plant"
"SE",76,64.4612068965517,"Plant"
"SE",61,6782.31465517241,"Plant"
"SE",95,307.758620689655,"Crop"
"SE",99,173.663793103448,"Crop"
"SE",28,17885.2715517241,"Plant"
"SE",98,35.1724137931034,"Crop"
"SE",66,4,"Plant"
"SE",38,1385.43103448276,"Plant"
"SE",97,29.8103448275862,"Crop"
"SE",44,9538.61206896552,"Plant"
"SE",19,976.366379310345,"Plant"
"SE",33,1094.59482758621,"Plant"
"SE",358,82439723.3103448,"Aphid"
"SE",343,257944062.465517,"Aphid"
"SE",361,2478762.25,"Aphid"
"SE",341,14203856.1896552,"Aphid"
"SE",14,13823.5775862069,"Plant"
"SE",86,80.2715517241379,"Plant"
"SE",64,1366.20689655172,"Plant"
"SE",17,195.724137931034,"Plant"
"SE",94,9,"Crop"
"SE",96,12,"Crop"
"SE",482,179233.456896552,"Seed-feeding insect"
"SE",483,278416.034482759,"Seed-feeding insect"
"SE",486,1005976.43103448,"Seed-feeding insect"
"SE",4,69.2715517241379,"Plant"
"SE",5,670.905172413793,"Plant"
"SE",7,4333.4525862069,"Plant"
"SE",12,316.112068965517,"Plant"
"SE",30,126,"Plant"
"SE",36,127.073275862069,"Plant"
"SE",39,15,"Plant"
"SE",47,131.681034482759,"Plant"
"SE",49,538,"Plant"
"SE",57,352.525862068966,"Plant"
"SE",59,116.487068965517,"Plant"
"SE",67,284.599137931034,"Plant"
"SE",72,305.030172413793,"Plant"
"SE",80,607.431034482759,"Plant"
"SE",82,43.3577586206897,"Plant"
"SE",62,70,"Plant"
"SE",24,14,"Plant"
"SE",32,324.75,"Plant"
"SE",91,131.353448275862,"Plant"
"SE",8,24,"Plant"
"SE",13,200.133620689655,"Plant"
"SE",16,148.327586206897,"Plant"
"SE",23,21.2931034482759,"Plant"
"SE",41,62.0689655172414,"Plant"
"SE",45,91.1637931034483,"Plant"
"SE",46,50,"Plant"
"SE",48,85.551724137931,"Plant"
"SE",51,158.073275862069,"Plant"
"SE",56,8,"Plant"
"SE",81,3,"Plant"
"SE",3,36,"Plant"
"SE",54,2280,"Plant"
"SE",492,86290,"Seed-feeding insect"
"SE",494,38179,"Seed-feeding insect"
"SE",484,1492002,"Seed-feeding insect"
"SE",25,579,"Plant"
"SE",2,270,"Plant"
"SE",508,1242.55603448276,"Seed-feeding rodent"
"SE",10,78,"Plant"
"SE",27,40,"Plant"
"SE",58,30,"Plant"
"SE",63,52,"Plant"
"SE",71,96,"Plant"
"SE",75,56,"Plant"
"SE",69,2,"Plant"
"SE",337,595490,"Aphid"
"SE",60,35,"Plant"
"SE",53,42,"Plant"
"SE",85,212,"Plant"
"SE",73,138,"Plant"
"SE",352,83370,"Aphid"
"SE",356,1094,"Aphid"
"SE",350,157550,"Aphid"
"SE",37,3,"Plant"
"SE",55,2,"Plant"
"SE",491,584,"Seed-feeding insect"
"SE",493,6528,"Seed-feeding insect"
"SE",1,28,"Plant"
"SE",34,15,"Plant"
"SE",40,60,"Plant"
"SE",50,64,"Plant"
"SE",22,22,"Plant"
"SE",74,68,"Plant"
"SE",6,8,"Plant"
"SE",15,20,"Plant"
"SE",507,56,"Seed-feeding rodent"
"SE",510,332,"Seed-feeding rodent"
"SE",52,20,"Plant"
"SE",70,150,"Plant"
"SE",79,2,"Plant"
"SE",347,290,"Aphid"
"SE",88,10,"Plant"
"SE",90,48,"Plant"
"SE",35,13,"Plant"
"SE",509,19,"Seed-feeding rodent"
"SE",84,15,"Plant"
"SE",364,645272,"Aphid"
"SE",360,120988,"Aphid"
"SE",18,10,"Plant"
"SE",31,200,"Plant"
"SE",478,131480,"Seed-feeding insect"
"SE",105,414.077586206897,"Flower-visiting"
"SE",317,3630.09051724138,"Flower-visiting"
"SE",202,418.077586206897,"Flower-visiting"
"SE",123,8528.56896551724,"Flower-visiting"
"SE",183,470.077586206897,"Flower-visiting"
"SE",126,5114.55172413793,"Flower-visiting"
"SE",318,4446.30603448276,"Flower-visiting"
"SE",276,1633.76724137931,"Flower-visiting"
"SE",144,424.077586206897,"Flower-visiting"
"SE",322,730.077586206897,"Flower-visiting"
"SE",279,454.26724137931,"Flower-visiting"
"SE",278,424.26724137931,"Flower-visiting"
"SE",190,1088.43534482759,"Flower-visiting"
"SE",186,1331.61206896552,"Flower-visiting"
"SE",282,424.26724137931,"Flower-visiting"
"SE",203,424.26724137931,"Flower-visiting"
"SE",232,1971.66810344828,"Flower-visiting"
"SE",295,1340.50862068966,"Flower-visiting"
"SE",112,12442.5301724138,"Flower-visiting"
"SE",349,2209472.78017241,"Aphid"
"SE",363,66594374.2284483,"Aphid"
"SE",348,2063594.7887931,"Aphid"
"SE",354,149002.435344828,"Aphid"
"SE",357,29710433.6724138,"Aphid"
"SE",351,722567.353448276,"Aphid"
"SE",344,388834.396551724,"Aphid"
"SE",376,299398.909482759,"Secondary aphid parasitoid"
"SE",377,402378.344827586,"Secondary aphid parasitoid"
"SE",368,81779.1594827586,"Primary aphid parasitoid"
"SE",367,27389.4181034483,"Primary aphid parasitoid"
"SE",378,89898.8793103448,"Secondary aphid parasitoid"
"SE",374,144314.612068966,"Primary aphid parasitoid"
"SE",369,111488.017241379,"Primary aphid parasitoid"
"SE",365,283333.198275862,"Primary aphid parasitoid"
"SE",381,451070.487068966,"Secondary aphid parasitoid"
"SE",380,47601.8793103448,"Secondary aphid parasitoid"
"SE",370,124570.586206897,"Primary aphid parasitoid"
"SE",372,9417.41379310345,"Primary aphid parasitoid"
"SE",445,1429642.03017241,"Leaf-miner parasitoid"
"SE",438,354441.060344828,"Leaf-miner parasitoid"
"SE",422,58661.3232758621,"Leaf-miner parasitoid"
"SE",467,66229.5689655172,"Leaf-miner parasitoid"
"SE",470,769533.176724138,"Leaf-miner parasitoid"
"SE",421,28665.7887931034,"Leaf-miner parasitoid"
"SE",439,351920.629310345,"Leaf-miner parasitoid"
"SE",469,75488.8318965517,"Leaf-miner parasitoid"
"SE",412,21662.9956896552,"Leaf-miner parasitoid"
"SE",417,20579.1594827586,"Leaf-miner parasitoid"
"SE",471,58396.9956896552,"Leaf-miner parasitoid"
"SE",437,87328.0862068966,"Leaf-miner parasitoid"
"SE",447,89148.9870689655,"Leaf-miner parasitoid"
"SE",415,216256,"Leaf-miner parasitoid"
"SE",410,22479.5689655172,"Leaf-miner parasitoid"
"SE",463,14464.6551724138,"Leaf-miner parasitoid"
"SE",435,92467.3275862069,"Leaf-miner parasitoid"
"SE",425,93998.9094827586,"Leaf-miner parasitoid"
"SE",455,43981.0775862069,"Leaf-miner parasitoid"
"SE",458,4398.75,"Leaf-miner parasitoid"
"SE",440,17595,"Leaf-miner parasitoid"
"SE",419,4398.75,"Leaf-miner parasitoid"
"SE",429,6131,"Leaf-miner parasitoid"
"SE",457,144001,"Leaf-miner parasitoid"
"SE",433,88638.1637931034,"Leaf-miner parasitoid"
"SE",441,14376.4655172414,"Leaf-miner parasitoid"
"SE",389,22736.0301724138,"Leaf-miner parasitoid"
"SE",397,10300.1637931034,"Leaf-miner parasitoid"
"SE",465,18143.6293103448,"Leaf-miner parasitoid"
"SE",430,4503.16379310345,"Leaf-miner parasitoid"
"SE",401,46683.8362068966,"Leaf-miner parasitoid"
"SE",394,7232.3275862069,"Leaf-miner parasitoid"
"SE",390,3616.16379310345,"Leaf-miner parasitoid"
"SE",426,79056.1637931034,"Leaf-miner parasitoid"
"SE",534,400171.840517241,"Insect seed-feeder parasitoid"
"SE",540,25461.8405172414,"Insect seed-feeder parasitoid"
"SE",326,411.077586206897,"Flower-visiting"
"SE",259,20380.5732758621,"Flower-visiting"
"SE",308,1386.0775862069,"Flower-visiting"
"SE",179,20075.7586206897,"Flower-visiting"
"SE",164,12832.5431034483,"Flower-visiting"
"SE",141,425.077586206897,"Flower-visiting"
"SE",193,437.181034482759,"Flower-visiting"
"SE",166,411.077586206897,"Flower-visiting"
"SE",228,440.077586206897,"Flower-visiting"
"SE",198,564.077586206897,"Flower-visiting"
"SE",128,431.26724137931,"Flower-visiting"
"SE",264,847.435344827586,"Flower-visiting"
"SE",244,2100.66810344828,"Flower-visiting"
"SE",303,14053.1810344828,"Flower-visiting"
"SE",247,713.26724137931,"Flower-visiting"
"SE",196,1898.21120689655,"Flower-visiting"
"SE",131,847.965517241379,"Flower-visiting"
"SE",138,3038.25431034483,"Flower-visiting"
"SE",248,1972.96551724138,"Flower-visiting"
"SE",237,5064.03448275862,"Flower-visiting"
"SE",286,325.344827586207,"Flower-visiting"
"SE",209,1434.34482758621,"Flower-visiting"
"SE",285,697.5,"Flower-visiting"
"SE",181,348,"Flower-visiting"
"SE",249,1372.82327586207,"Flower-visiting"
"SE",302,1889.5,"Flower-visiting"
"SE",252,1122.5,"Flower-visiting"
"SE",250,382.5,"Flower-visiting"
"SE",173,1535.7025862069,"Flower-visiting"
"SE",132,1526.7025862069,"Flower-visiting"
"SE",223,395.689655172414,"Flower-visiting"
"SE",255,1578.16810344828,"Flower-visiting"
"SE",142,395.689655172414,"Flower-visiting"
"SE",143,395.689655172414,"Flower-visiting"
"SE",222,697.689655172414,"Flower-visiting"
"SE",158,970.689655172414,"Flower-visiting"
"SE",170,395.689655172414,"Flower-visiting"
"SE",266,395.689655172414,"Flower-visiting"
"SE",140,989.224137931035,"Flower-visiting"
"SE",304,2624.68965517241,"Flower-visiting"
"SE",301,366.012931034483,"Flower-visiting"
"SE",519,301.004310344828,"Butterfly"
"SE",524,75.7456896551724,"Butterfly"
"SE",514,218.077586206897,"Butterfly"
"SE",516,180.211206896552,"Butterfly"
"SE",517,4733.48706896552,"Butterfly"
"SE",523,117.327586206897,"Butterfly"
"SE",513,556.810344827586,"Butterfly"
"SE",525,345.862068965517,"Butterfly"
"SE",522,71,"Butterfly"
"SE",495,48,"Seed-feeding bird"
"SE",496,317.254310344828,"Seed-feeding bird"
"SE",497,40,"Seed-feeding bird"
"SE",498,1012.39224137931,"Seed-feeding bird"
"SE",499,108.034482758621,"Seed-feeding bird"
"SE",500,291.452586206897,"Seed-feeding bird"
"SE",501,401.887931034483,"Seed-feeding bird"
"SE",502,89.6163793103448,"Seed-feeding bird"
"SE",503,123.099137931034,"Seed-feeding bird"
"SE",504,127.35775862069,"Seed-feeding bird"
"SE",505,8,"Seed-feeding bird"
"SE",124,4348,"Flower-visiting"
"SE",323,9,"Flower-visiting"
"SE",212,139,"Flower-visiting"
"SE",345,1036947,"Aphid"
"SE",452,2198,"Leaf-miner parasitoid"
"SE",446,1687,"Leaf-miner parasitoid"
"SE",462,7963,"Leaf-miner parasitoid"
"SE",454,1542,"Leaf-miner parasitoid"
"SE",451,1906,"Leaf-miner parasitoid"
"SE",461,2367,"Leaf-miner parasitoid"
"SE",423,3831,"Leaf-miner parasitoid"
"SE",436,8318,"Leaf-miner parasitoid"
"SE",453,1542,"Leaf-miner parasitoid"
"SE",407,1542,"Leaf-miner parasitoid"
"SE",530,2057,"Insect seed-feeder parasitoid"
"SE",542,92458,"Insect seed-feeder parasitoid"
"SE",543,76075,"Insect seed-feeder parasitoid"
"SE",246,9,"Flower-visiting"
"SE",258,542,"Flower-visiting"
"SE",101,485,"Flower-visiting"
"SE",230,9,"Flower-visiting"
"SE",163,9,"Flower-visiting"
"SE",167,9,"Flower-visiting"
"SE",151,275,"Flower-visiting"
"SE",152,32,"Flower-visiting"
"SE",283,1125,"Flower-visiting"
"SE",195,759,"Flower-visiting"
"SE",254,9,"Flower-visiting"
"SE",210,379,"Flower-visiting"
"SE",335,9,"Flower-visiting"
"SE",240,416,"Flower-visiting"
"SE",215,139,"Flower-visiting"
"SE",267,416,"Flower-visiting"
"SE",139,185,"Flower-visiting"
"SE",512,61,"Butterfly"
"SE",521,18,"Butterfly"
"SE",515,60,"Butterfly"
"SE",526,13,"Butterfly"
"SE",520,33,"Butterfly"
"SE",545,89,"Rodent ectoparasite"
"SE",548,26,"Rodent ectoparasite"
"SE",549,3,"Rodent ectoparasite"
"SE",236,238,"Flower-visiting"
"SE",127,476,"Flower-visiting"
"SE",231,1205,"Flower-visiting"
"SE",362,96720258,"Aphid"
"SE",464,21603,"Leaf-miner parasitoid"
"SE",396,32227,"Leaf-miner parasitoid"
"SE",287,238,"Flower-visiting"
"SE",270,238,"Flower-visiting"
"SE",306,486,"Flower-visiting"
"SE",305,297,"Flower-visiting"
"SE",197,476,"Flower-visiting"
"SE",224,608,"Flower-visiting"
"SE",129,1002,"Flower-visiting"
"SE",299,238,"Flower-visiting"
"SE",291,248,"Flower-visiting"
"SE",327,2457,"Flower-visiting"
"SE",113,238,"Flower-visiting"
"SE",171,793,"Flower-visiting"
"SE",213,238,"Flower-visiting"
"SE",320,1205,"Flower-visiting"
"SE",284,1205,"Flower-visiting"
"SE",313,2171,"Flower-visiting"
"SE",314,1205,"Flower-visiting"
"SE",281,10,"Flower-visiting"
"SE",219,20,"Flower-visiting"
"SE",280,10,"Flower-visiting"
"SE",274,10,"Flower-visiting"
"SE",233,89,"Flower-visiting"
"SE",187,37,"Flower-visiting"
"SE",234,10,"Flower-visiting"
"SE",122,628,"Flower-visiting"
"SE",243,26,"Flower-visiting"
"SE",340,985,"Aphid"
"SE",359,34464,"Aphid"
"SE",342,5252,"Aphid"
"SE",448,729,"Leaf-miner parasitoid"
"SE",399,219,"Leaf-miner parasitoid"
"SE",404,6819,"Leaf-miner parasitoid"
"SE",387,438,"Leaf-miner parasitoid"
"SE",444,219,"Leaf-miner parasitoid"
"SE",475,219,"Leaf-miner parasitoid"
"SE",434,219,"Leaf-miner parasitoid"
"SE",409,219,"Leaf-miner parasitoid"
"SE",424,656,"Leaf-miner parasitoid"
"SE",408,656,"Leaf-miner parasitoid"
"SE",391,19000,"Leaf-miner parasitoid"
"SE",388,729,"Leaf-miner parasitoid"
"SE",384,1531,"Leaf-miner parasitoid"
"SE",393,584,"Leaf-miner parasitoid"
"SE",443,584,"Leaf-miner parasitoid"
"SE",459,292,"Leaf-miner parasitoid"
"SE",476,219,"Seed-feeding insect"
"SE",537,1167,"Insect seed-feeder parasitoid"
"SE",289,10,"Flower-visiting"
"SE",192,10,"Flower-visiting"
"SE",134,30,"Flower-visiting"
"SE",235,17,"Flower-visiting"
"SE",221,10,"Flower-visiting"
"SE",189,312,"Flower-visiting"
"SE",241,10,"Flower-visiting"
"SE",324,10,"Flower-visiting"
"SE",100,20,"Flower-visiting"
"SE",176,10,"Flower-visiting"
"SE",107,20,"Flower-visiting"
"SE",201,409,"Flower-visiting"
"SE",239,10,"Flower-visiting"
"SE",117,10,"Flower-visiting"
"SE",218,10,"Flower-visiting"
"SE",260,10,"Flower-visiting"
"SE",120,20,"Flower-visiting"
"SE",214,10,"Flower-visiting"
"SE",103,39,"Flower-visiting"
"SE",251,20,"Flower-visiting"
"SE",121,20,"Flower-visiting"
"SE",199,10,"Flower-visiting"
"SE",111,20,"Flower-visiting"
"SE",265,312,"Flower-visiting"
"SE",290,10,"Flower-visiting"
"SE",169,62,"Flower-visiting"
"SE",329,20,"Flower-visiting"
"SE",294,14,"Flower-visiting"
"SE",296,79,"Flower-visiting"
"SE",271,10,"Flower-visiting"
"SE",136,10,"Flower-visiting"
"SE",216,10,"Flower-visiting"
"SE",263,20,"Flower-visiting"
"SE",137,20,"Flower-visiting"
"SE",262,20,"Flower-visiting"
"SE",182,20,"Flower-visiting"
"SE",180,59,"Flower-visiting"
"SE",272,20,"Flower-visiting"
"SE",174,20,"Flower-visiting"
"SE",177,20,"Flower-visiting"
"SE",229,20,"Flower-visiting"
"SE",227,23,"Flower-visiting"
"SE",159,20,"Flower-visiting"
"SE",184,79,"Flower-visiting"
"SE",104,138,"Flower-visiting"
"SE",133,20,"Flower-visiting"
"SE",307,39,"Flower-visiting"
"SE",334,20,"Flower-visiting"
"SE",161,20,"Flower-visiting"
"SE",275,20,"Flower-visiting"
"SE",162,20,"Flower-visiting"
"SE",321,20,"Flower-visiting"
"SE",511,10,"Butterfly"
"SE",546,28,"Rodent ectoparasite"
"SE",547,27,"Rodent ectoparasite"
"SE",550,13,"Rodent ectoparasite"
"SE",544,144,"Rodent ectoparasite"
"SE",316,3,"Flower-visiting"
"SE",188,311,"Flower-visiting"
"SE",339,726,"Aphid"
"SE",353,1597,"Aphid"
"SE",379,73,"Secondary aphid parasitoid"
"SE",466,258,"Leaf-miner parasitoid"
"SE",411,9648,"Leaf-miner parasitoid"
"SE",456,55686,"Leaf-miner parasitoid"
"SE",432,73,"Leaf-miner parasitoid"
"SE",403,97,"Leaf-miner parasitoid"
"SE",405,97,"Leaf-miner parasitoid"
"SE",400,97,"Leaf-miner parasitoid"
"SE",406,97,"Leaf-miner parasitoid"
"SE",226,3,"Flower-visiting"
"SE",185,3,"Flower-visiting"
"SE",311,3,"Flower-visiting"
"SE",206,3,"Flower-visiting"
"SE",245,3,"Flower-visiting"
"SE",225,3,"Flower-visiting"
"SE",288,3,"Flower-visiting"
"SE",135,3,"Flower-visiting"
"SE",156,4,"Flower-visiting"
"SE",172,3,"Flower-visiting"
"SE",293,744,"Flower-visiting"
"SE",150,676,"Flower-visiting"
"SE",268,3,"Flower-visiting"
"SE",331,3,"Flower-visiting"
"SE",178,7,"Flower-visiting"
"SE",325,7,"Flower-visiting"
"SE",238,7,"Flower-visiting"
"SE",333,562,"Flower-visiting"
"SE",220,7,"Flower-visiting"
"SE",256,7,"Flower-visiting"
"SE",277,302,"Flower-visiting"
"SE",211,302,"Flower-visiting"
"SE",315,302,"Flower-visiting"
"SE",355,194926,"Aphid"
"SE",371,6722,"Primary aphid parasitoid"
"SE",300,302,"Flower-visiting"
"SE",165,302,"Flower-visiting"
"SE",109,302,"Flower-visiting"
"SE",125,370,"Flower-visiting"
"SE",373,12326,"Primary aphid parasitoid"
"SE",450,6163,"Leaf-miner parasitoid"
"SE",442,49305,"Leaf-miner parasitoid"
"SE",485,8218,"Seed-feeding insect"
"SE",536,24653,"Insect seed-feeder parasitoid"
"SE",292,370,"Flower-visiting"
"SE",297,3698,"Flower-visiting"
"SE",217,5177,"Flower-visiting"
"SE",208,740,"Flower-visiting"
"SE",298,740,"Flower-visiting"
"SE",114,1294,"Flower-visiting"
"SE",200,740,"Flower-visiting"
"SE",154,740,"Flower-visiting"
"SE",518,47,"Butterfly"
"SE",402,6391,"Leaf-miner parasitoid"
"M",11,1745.375,"Plant"
"M",77,985.875,"Plant"
"M",78,767.25,"Plant"
"M",26,48400.625,"Plant"
"M",20,262.5,"Plant"
"M",76,68.0495689655172,"Plant"
"M",61,6708.8125,"Plant"
"M",95,332.5,"Crop"
"M",99,187.625,"Crop"
"M",28,11709.6875,"Plant"
"M",98,37.7241379310345,"Crop"
"M",66,4,"Plant"
"M",38,1278.75,"Plant"
"M",97,32.0431034482759,"Crop"
"M",44,7647.875,"Plant"
"M",19,804.0625,"Plant"
"M",33,877.625,"Plant"
"M",358,85261157,"Aphid"
"M",343,278256200.25,"Aphid"
"M",361,2538453.125,"Aphid"
"M",341,15251927.75,"Aphid"
"M",14,13144.375,"Plant"
"M",86,71.9030172413793,"Plant"
"M",64,938,"Plant"
"M",17,191.741379310345,"Plant"
"M",94,9,"Crop"
"M",96,12,"Crop"
"M",482,184393.625,"Seed-feeding insect"
"M",483,300798.5,"Seed-feeding insect"
"M",486,1077600.25,"Seed-feeding insect"
"M",4,60.9030172413793,"Plant"
"M",5,349.676724137931,"Plant"
"M",7,914.8125,"Plant"
"M",12,222.245689655172,"Plant"
"M",30,64.1163793103448,"Plant"
"M",36,67.5452586206897,"Plant"
"M",39,10,"Plant"
"M",47,81.7543103448276,"Plant"
"M",49,114,"Plant"
"M",57,273.383620689655,"Plant"
"M",59,49.3211206896552,"Plant"
"M",67,242.9375,"Plant"
"M",72,257.489224137931,"Plant"
"M",80,428.75,"Plant"
"M",82,24.0323275862069,"Plant"
"M",62,57.1163793103448,"Plant"
"M",24,15.1163793103448,"Plant"
"M",32,242.375,"Plant"
"M",91,99.6594827586207,"Plant"
"M",8,12,"Plant"
"M",13,136.765086206897,"Plant"
"M",16,141.025862068966,"Plant"
"M",23,22.8879310344828,"Plant"
"M",41,60.6206896551724,"Plant"
"M",45,38.5991379310345,"Plant"
"M",46,40,"Plant"
"M",48,87.4655172413793,"Plant"
"M",51,36.5452586206897,"Plant"
"M",56,8,"Plant"
"M",81,3,"Plant"
"M",3,18,"Plant"
"M",54,760,"Plant"
"M",492,86290,"Seed-feeding insect"
"M",494,37018,"Seed-feeding insect"
"M",484,1492002,"Seed-feeding insect"
"M",25,193,"Plant"
"M",2,216,"Plant"
"M",508,657.8125,"Seed-feeding rodent"
"M",10,26,"Plant"
"M",27,20,"Plant"
"M",58,20,"Plant"
"M",63,39,"Plant"
"M",71,32,"Plant"
"M",75,48,"Plant"
"M",69,2,"Plant"
"M",337,595490,"Aphid"
"M",60,35,"Plant"
"M",364,645272,"Aphid"
"M",360,120988,"Aphid"
"M",18,10,"Plant"
"M",31,200,"Plant"
"M",478,131480,"Seed-feeding insect"
"M",15,10,"Plant"
"M",105,444.125,"Flower-visiting"
"M",317,3874.0625,"Flower-visiting"
"M",202,444.125,"Flower-visiting"
"M",123,8666.75,"Flower-visiting"
"M",183,444.125,"Flower-visiting"
"M",126,5233,"Flower-visiting"
"M",318,4720.6875,"Flower-visiting"
"M",276,1526.125,"Flower-visiting"
"M",144,453.125,"Flower-visiting"
"M",322,742.900862068965,"Flower-visiting"
"M",279,458.375,"Flower-visiting"
"M",278,458.375,"Flower-visiting"
"M",190,1153.5625,"Flower-visiting"
"M",186,1384.875,"Flower-visiting"
"M",282,458.375,"Flower-visiting"
"M",203,458.375,"Flower-visiting"
"M",232,2111.4375,"Flower-visiting"
"M",295,1390.875,"Flower-visiting"
"M",112,12978.9375,"Flower-visiting"
"M",349,2387097.0625,"Aphid"
"M",363,66913523.0625,"Aphid"
"M",348,2122133.6875,"Aphid"
"M",354,160981.0625,"Aphid"
"M",357,29756841.25,"Aphid"
"M",351,769518.056034483,"Aphid"
"M",344,377226.25,"Aphid"
"M",376,313942.4375,"Secondary aphid parasitoid"
"M",377,426833.5,"Secondary aphid parasitoid"
"M",368,88353.5625,"Primary aphid parasitoid"
"M",367,29591.3125,"Primary aphid parasitoid"
"M",378,93400.75,"Secondary aphid parasitoid"
"M",374,155916.375,"Primary aphid parasitoid"
"M",369,119248.75,"Primary aphid parasitoid"
"M",365,293376.875,"Primary aphid parasitoid"
"M",381,486420.3125,"Secondary aphid parasitoid"
"M",380,50359.75,"Secondary aphid parasitoid"
"M",370,131944.5,"Primary aphid parasitoid"
"M",372,10174.5,"Primary aphid parasitoid"
"M",445,1464252.1875,"Leaf-miner parasitoid"
"M",438,350194.875,"Leaf-miner parasitoid"
"M",422,61560.9375,"Leaf-miner parasitoid"
"M",467,69553.75,"Leaf-miner parasitoid"
"M",470,775617.3125,"Leaf-miner parasitoid"
"M",421,30733.6875,"Leaf-miner parasitoid"
"M",439,348840.125,"Leaf-miner parasitoid"
"M",469,76357.8125,"Leaf-miner parasitoid"
"M",412,22953.6875,"Leaf-miner parasitoid"
"M",417,22233.5625,"Leaf-miner parasitoid"
"M",471,57939.6875,"Leaf-miner parasitoid"
"M",437,90353.25,"Leaf-miner parasitoid"
"M",447,90473.5625,"Leaf-miner parasitoid"
"M",415,228206,"Leaf-miner parasitoid"
"M",410,24110.4396551724,"Leaf-miner parasitoid"
"M",463,15627.5,"Leaf-miner parasitoid"
"M",435,88762.75,"Leaf-miner parasitoid"
"M",425,85572.4375,"Leaf-miner parasitoid"
"M",455,42901.125,"Leaf-miner parasitoid"
"M",458,4752.375,"Leaf-miner parasitoid"
"M",440,19009.5,"Leaf-miner parasitoid"
"M",419,4752.375,"Leaf-miner parasitoid"
"M",429,4002,"Leaf-miner parasitoid"
"M",457,140652,"Leaf-miner parasitoid"
"M",433,88741.875,"Leaf-miner parasitoid"
"M",441,13838.25,"Leaf-miner parasitoid"
"M",389,23055.6875,"Leaf-miner parasitoid"
"M",397,10590.875,"Leaf-miner parasitoid"
"M",465,18776.125,"Leaf-miner parasitoid"
"M",430,3906.875,"Leaf-miner parasitoid"
"M",401,48462.125,"Leaf-miner parasitoid"
"M",394,7813.75,"Leaf-miner parasitoid"
"M",390,3906.875,"Leaf-miner parasitoid"
"M",426,79032.875,"Leaf-miner parasitoid"
"M",534,400731.4375,"Insect seed-feeder parasitoid"
"M",540,26021.4375,"Insect seed-feeder parasitoid"
"M",326,444.125,"Flower-visiting"
"M",259,20570.5625,"Flower-visiting"
"M",308,1419.125,"Flower-visiting"
"M",179,20989.5,"Flower-visiting"
"M",164,13312.375,"Flower-visiting"
"M",141,444.125,"Flower-visiting"
"M",193,437.004310344828,"Flower-visiting"
"M",166,444.125,"Flower-visiting"
"M",228,453.125,"Flower-visiting"
"M",198,567.125,"Flower-visiting"
"M",128,458.375,"Flower-visiting"
"M",264,915.5625,"Flower-visiting"
"M",244,2247.9375,"Flower-visiting"
"M",303,13839.625,"Flower-visiting"
"M",247,736.375,"Flower-visiting"
"M",196,2050.8125,"Flower-visiting"
"M",131,883,"Flower-visiting"
"M",138,3187.9375,"Flower-visiting"
"M",248,1981,"Flower-visiting"
"M",237,5122.5,"Flower-visiting"
"M",286,351.5,"Flower-visiting"
"M",209,1460.5,"Flower-visiting"
"M",285,715.25,"Flower-visiting"
"M",181,375.75,"Flower-visiting"
"M",249,1483.1875,"Flower-visiting"
"M",302,1920.25,"Flower-visiting"
"M",252,1153.25,"Flower-visiting"
"M",250,413.25,"Flower-visiting"
"M",173,1658.4375,"Flower-visiting"
"M",132,1649.4375,"Flower-visiting"
"M",223,424.396551724138,"Flower-visiting"
"M",255,1660.6875,"Flower-visiting"
"M",142,427.5,"Flower-visiting"
"M",143,427.5,"Flower-visiting"
"M",222,729.5,"Flower-visiting"
"M",158,982.5,"Flower-visiting"
"M",170,427.5,"Flower-visiting"
"M",266,427.5,"Flower-visiting"
"M",140,1068.75,"Flower-visiting"
"M",304,2646.5,"Flower-visiting"
"M",301,395.4375,"Flower-visiting"
"M",519,262.855603448276,"Butterfly"
"M",524,72.8987068965517,"Butterfly"
"M",514,215.625,"Butterfly"
"M",516,173.424568965517,"Butterfly"
"M",517,4631.8125,"Butterfly"
"M",523,124.025862068966,"Butterfly"
"M",513,353.043103448276,"Butterfly"
"M",525,350,"Butterfly"
"M",522,71,"Butterfly"
"M",495,36,"Seed-feeding bird"
"M",496,247.480603448276,"Seed-feeding bird"
"M",497,30,"Seed-feeding bird"
"M",498,773.4375,"Seed-feeding bird"
"M",499,83.3103448275862,"Seed-feeding bird"
"M",500,229.838362068966,"Seed-feeding bird"
"M",501,339.375,"Seed-feeding bird"
"M",502,73.6099137931034,"Seed-feeding bird"
"M",503,94.4547413793103,"Seed-feeding bird"
"M",504,99.0323275862069,"Seed-feeding bird"
"M",505,6,"Seed-feeding bird"
"M",124,4284,"Flower-visiting"
"M",323,9,"Flower-visiting"
"M",212,139,"Flower-visiting"
"M",345,760796,"Aphid"
"M",452,1542,"Leaf-miner parasitoid"
"M",446,1542,"Leaf-miner parasitoid"
"M",462,7705,"Leaf-miner parasitoid"
"M",454,1542,"Leaf-miner parasitoid"
"M",451,1542,"Leaf-miner parasitoid"
"M",461,1542,"Leaf-miner parasitoid"
"M",423,3599,"Leaf-miner parasitoid"
"M",436,7712,"Leaf-miner parasitoid"
"M",453,1542,"Leaf-miner parasitoid"
"M",407,1542,"Leaf-miner parasitoid"
"M",493,2057,"Seed-feeding insect"
"M",530,2057,"Insect seed-feeder parasitoid"
"M",542,92458,"Insect seed-feeder parasitoid"
"M",543,76075,"Insect seed-feeder parasitoid"
"M",246,9,"Flower-visiting"
"M",258,518,"Flower-visiting"
"M",101,485,"Flower-visiting"
"M",230,9,"Flower-visiting"
"M",163,9,"Flower-visiting"
"M",167,9,"Flower-visiting"
"M",151,9,"Flower-visiting"
"M",152,9,"Flower-visiting"
"M",283,1118,"Flower-visiting"
"M",195,759,"Flower-visiting"
"M",254,9,"Flower-visiting"
"M",210,379,"Flower-visiting"
"M",335,9,"Flower-visiting"
"M",240,416,"Flower-visiting"
"M",215,139,"Flower-visiting"
"M",267,416,"Flower-visiting"
"M",139,185,"Flower-visiting"
"M",512,61,"Butterfly"
"M",521,17,"Butterfly"
"M",515,60,"Butterfly"
"M",526,8,"Butterfly"
"M",520,8,"Butterfly"
"M",545,3,"Rodent ectoparasite"
"M",548,3,"Rodent ectoparasite"
"M",549,3,"Rodent ectoparasite"
"M",236,238,"Flower-visiting"
"M",127,476,"Flower-visiting"
"M",231,1205,"Flower-visiting"
"M",362,96691229,"Aphid"
"M",464,21603,"Leaf-miner parasitoid"
"M",396,32227,"Leaf-miner parasitoid"
"M",287,238,"Flower-visiting"
"M",270,238,"Flower-visiting"
"M",306,476,"Flower-visiting"
"M",305,238,"Flower-visiting"
"M",197,476,"Flower-visiting"
"M",224,608,"Flower-visiting"
"M",129,978,"Flower-visiting"
"M",299,238,"Flower-visiting"
"M",291,238,"Flower-visiting"
"M",327,2457,"Flower-visiting"
"M",113,238,"Flower-visiting"
"M",171,793,"Flower-visiting"
"M",213,238,"Flower-visiting"
"M",320,1205,"Flower-visiting"
"M",284,1205,"Flower-visiting"
"M",313,2161,"Flower-visiting"
"M",314,1205,"Flower-visiting"
"M",122,605,"Flower-visiting"
"M",277,302,"Flower-visiting"
"M",188,302,"Flower-visiting"
"M",211,302,"Flower-visiting"
"M",315,302,"Flower-visiting"
"M",355,194926,"Aphid"
"M",371,6722,"Primary aphid parasitoid"
"M",189,302,"Flower-visiting"
"M",265,302,"Flower-visiting"
"M",300,302,"Flower-visiting"
"M",150,672,"Flower-visiting"
"M",165,302,"Flower-visiting"
"M",109,302,"Flower-visiting"
"M",125,370,"Flower-visiting"
"M",373,12326,"Primary aphid parasitoid"
"M",391,18489,"Leaf-miner parasitoid"
"M",404,6163,"Leaf-miner parasitoid"
"M",411,9245,"Leaf-miner parasitoid"
"M",456,55468,"Leaf-miner parasitoid"
"M",450,6163,"Leaf-miner parasitoid"
"M",442,49305,"Leaf-miner parasitoid"
"M",485,8218,"Seed-feeding insect"
"M",536,24653,"Insect seed-feeder parasitoid"
"M",293,740,"Flower-visiting"
"M",201,370,"Flower-visiting"
"M",292,370,"Flower-visiting"
"M",333,555,"Flower-visiting"
"M",297,3698,"Flower-visiting"
"M",217,5177,"Flower-visiting"
"M",208,740,"Flower-visiting"
"M",298,740,"Flower-visiting"
"M",114,1294,"Flower-visiting"
"M",200,740,"Flower-visiting"
"M",154,740,"Flower-visiting"
"M",518,47,"Butterfly"
"M",402,6391,"Leaf-miner parasitoid"
"SI",11,1734.45905172414,"Plant"
"SI",77,808.571120689655,"Plant"
"SI",78,477.426724137931,"Plant"
"SI",26,27659.3340517241,"Plant"
"SI",20,294.025862068966,"Plant"
"SI",76,82.8717672413793,"Plant"
"SI",61,7055.0463362069,"Plant"
"SI",95,518.060344827586,"Crop"
"SI",99,292.334051724138,"Crop"
"SI",28,7459.30711206897,"Plant"
"SI",98,58.9310344827586,"Crop"
"SI",66,5.91379310344828,"Plant"
"SI",38,1386.14224137931,"Plant"
"SI",97,50.5991379310345,"Crop"
"SI",44,5911.34698275862,"Plant"
"SI",19,441.783405172414,"Plant"
"SI",33,678.351293103448,"Plant"
"SI",358,70329300.6724138,"Aphid"
"SI",343,430972796.133621,"Aphid"
"SI",361,1260450.6875,"Aphid"
"SI",341,23052893.4525862,"Aphid"
"SI",14,8792.85560344828,"Plant"
"SI",86,82.7726293103448,"Plant"
"SI",64,638.448275862069,"Plant"
"SI",17,184.060344827586,"Plant"
"SI",94,14.4116379310345,"Crop"
"SI",96,19.2155172413793,"Crop"
"SI",482,108048.885775862,"Seed-feeding insect"
"SI",483,468666.99137931,"Seed-feeding insect"
"SI",486,1499732.89224138,"Seed-feeding insect"
"SI",4,60.7726293103448,"Plant"
"SI",5,312.575431034483,"Plant"
"SI",7,531.011853448276,"Plant"
"SI",12,187.842672413793,"Plant"
"SI",30,44.5344827586207,"Plant"
"SI",36,88.0894396551724,"Plant"
"SI",39,16.0129310344828,"Plant"
"SI",47,98.9849137931034,"Plant"
"SI",49,1,"Plant"
"SI",57,244.377155172414,"Plant"
"SI",59,41.5635775862069,"Plant"
"SI",67,255.475215517241,"Plant"
"SI",72,257.169181034483,"Plant"
"SI",80,362.64224137931,"Plant"
"SI",82,37.9493534482759,"Plant"
"SI",62,37.5344827586207,"Plant"
"SI",24,23.5344827586207,"Plant"
"SI",32,164.8125,"Plant"
"SI",91,99.4461206896552,"Plant"
"SI",8,19.2155172413793,"Plant"
"SI",13,59.6346982758621,"Plant"
"SI",16,196.693965517241,"Plant"
"SI",23,36.1422413793103,"Plant"
"SI",41,69.8275862068966,"Plant"
"SI",45,32.5280172413793,"Plant"
"SI",46,26.0129310344828,"Plant"
"SI",48,67.3706896551724,"Plant"
"SI",51,57.0894396551724,"Plant"
"SI",56,11.8275862068966,"Plant"
"SI",81,4.43534482758621,"Plant"
"SI",69,2,"Plant"
"SI",337,579054,"Aphid"
"SI",484,464002,"Seed-feeding insect"
"SI",54,380,"Plant"
"SI",60,14,"Plant"
"SI",364,645272,"Aphid"
"SI",360,120988,"Aphid"
"SI",10,13,"Plant"
"SI",63,13,"Plant"
"SI",105,691.980603448276,"Flower-visiting"
"SI",317,5171.35237068965,"Flower-visiting"
"SI",202,691.980603448276,"Flower-visiting"
"SI",123,9550.60775862069,"Flower-visiting"
"SI",183,691.980603448276,"Flower-visiting"
"SI",126,6346.36206896552,"Flower-visiting"
"SI",318,7157.04849137931,"Flower-visiting"
"SI",276,1787.30818965517,"Flower-visiting"
"SI",144,691.980603448276,"Flower-visiting"
"SI",322,990.756465517241,"Flower-visiting"
"SI",279,714.183189655172,"Flower-visiting"
"SI",278,714.183189655172,"Flower-visiting"
"SI",190,1664.5161637931,"Flower-visiting"
"SI",186,1261.84698275862,"Flower-visiting"
"SI",282,714.183189655172,"Flower-visiting"
"SI",203,714.183189655172,"Flower-visiting"
"SI",232,3073.20797413793,"Flower-visiting"
"SI",295,1054.62284482759,"Flower-visiting"
"SI",112,17309.4924568966,"Flower-visiting"
"SI",349,3719279.1799569,"Aphid"
"SI",363,19034739.8178879,"Aphid"
"SI",348,2561175.42780172,"Aphid"
"SI",354,250820.766163793,"Aphid"
"SI",357,1464928.58189655,"Aphid"
"SI",351,1190632.67887931,"Aphid"
"SI",344,330792.150862069,"Aphid"
"SI",376,433398.89762931,"Secondary aphid parasitoid"
"SI",377,598169.663793103,"Secondary aphid parasitoid"
"SI",368,137661.58512931,"Primary aphid parasitoid"
"SI",367,46105.5204741379,"Primary aphid parasitoid"
"SI",378,117716.780172414,"Secondary aphid parasitoid"
"SI",374,242929.596982759,"Primary aphid parasitoid"
"SI",369,181389.745689655,"Primary aphid parasitoid"
"SI",365,341841.950431034,"Primary aphid parasitoid"
"SI",381,751498.503232759,"Secondary aphid parasitoid"
"SI",380,70865.2801724138,"Secondary aphid parasitoid"
"SI",370,196762.353448276,"Primary aphid parasitoid"
"SI",372,15852.6465517241,"Primary aphid parasitoid"
"SI",445,1426334.8674569,"Leaf-miner parasitoid"
"SI",438,236060.484913793,"Leaf-miner parasitoid"
"SI",422,81507.5441810345,"Leaf-miner parasitoid"
"SI",467,69605.1077586207,"Leaf-miner parasitoid"
"SI",470,702967.830818966,"Leaf-miner parasitoid"
"SI",421,47885.4278017241,"Leaf-miner parasitoid"
"SI",439,209551.842672414,"Leaf-miner parasitoid"
"SI",469,76552.6670258621,"Leaf-miner parasitoid"
"SI",412,28554.3760775862,"Leaf-miner parasitoid"
"SI",417,34641.5851293103,"Leaf-miner parasitoid"
"SI",471,55323.3760775862,"Leaf-miner parasitoid"
"SI",437,81189.9784482759,"Leaf-miner parasitoid"
"SI",447,75425.3782327586,"Leaf-miner parasitoid"
"SI",415,271103.5,"Leaf-miner parasitoid"
"SI",410,37664.2974137931,"Leaf-miner parasitoid"
"SI",463,24348.8362068966,"Leaf-miner parasitoid"
"SI",435,38943.4181034483,"Leaf-miner parasitoid"
"SI",425,48992.3976293103,"Leaf-miner parasitoid"
"SI",455,32963.9806034483,"Leaf-miner parasitoid"
"SI",458,7404.5625,"Leaf-miner parasitoid"
"SI",440,29618.25,"Leaf-miner parasitoid"
"SI",419,7404.5625,"Leaf-miner parasitoid"
"SI",429,6408.375,"Leaf-miner parasitoid"
"SI",457,66355.75,"Leaf-miner parasitoid"
"SI",433,105985.209051724,"Leaf-miner parasitoid"
"SI",441,7156.63362068965,"Leaf-miner parasitoid"
"SI",389,14315.1174568966,"Leaf-miner parasitoid"
"SI",397,6087.20905172414,"Leaf-miner parasitoid"
"SI",465,13243.8426724138,"Leaf-miner parasitoid"
"SI",430,6087.20905172414,"Leaf-miner parasitoid"
"SI",401,40271.7909482759,"Leaf-miner parasitoid"
"SI",394,12174.4181034483,"Leaf-miner parasitoid"
"SI",390,6087.20905172414,"Leaf-miner parasitoid"
"SI",426,59626.2090517241,"Leaf-miner parasitoid"
"SI",534,47409.4148706897,"Insect seed-feeder parasitoid"
"SI",540,11717.4148706897,"Insect seed-feeder parasitoid"
"SI",508,738.23599137931,"Seed-feeding rodent"
"SI",326,691.980603448276,"Flower-visiting"
"SI",259,17121.9816810345,"Flower-visiting"
"SI",308,1296.98060344828,"Flower-visiting"
"SI",179,27224.5603448276,"Flower-visiting"
"SI",164,12730.6142241379,"Flower-visiting"
"SI",141,691.980603448276,"Flower-visiting"
"SI",193,675.859913793103,"Flower-visiting"
"SI",166,691.980603448276,"Flower-visiting"
"SI",228,691.980603448276,"Flower-visiting"
"SI",198,691.980603448276,"Flower-visiting"
"SI",128,714.183189655172,"Flower-visiting"
"SI",264,1426.5161637931,"Flower-visiting"
"SI",244,3502.45797413793,"Flower-visiting"
"SI",303,8360.45474137931,"Flower-visiting"
"SI",247,714.183189655172,"Flower-visiting"
"SI",196,3195.32219827586,"Flower-visiting"
"SI",131,1361.75862068966,"Flower-visiting"
"SI",138,4390.56142241379,"Flower-visiting"
"SI",248,1663.75862068966,"Flower-visiting"
"SI",237,1642.99137931034,"Flower-visiting"
"SI",286,547.663793103448,"Flower-visiting"
"SI",209,547.663793103448,"Flower-visiting"
"SI",285,945.875,"Flower-visiting"
"SI",181,585,"Flower-visiting"
"SI",249,2310.91918103448,"Flower-visiting"
"SI",302,2150.875,"Flower-visiting"
"SI",252,643.875,"Flower-visiting"
"SI",250,643.875,"Flower-visiting"
"SI",173,2569.94935344828,"Flower-visiting"
"SI",132,2569.94935344828,"Flower-visiting"
"SI",223,662.974137931035,"Flower-visiting"
"SI",255,2238.08297413793,"Flower-visiting"
"SI",142,666.077586206897,"Flower-visiting"
"SI",143,666.077586206897,"Flower-visiting"
"SI",222,968.077586206897,"Flower-visiting"
"SI",158,666.077586206897,"Flower-visiting"
"SI",170,666.077586206897,"Flower-visiting"
"SI",266,666.077586206897,"Flower-visiting"
"SI",140,1665.19396551724,"Flower-visiting"
"SI",304,666.077586206897,"Flower-visiting"
"SI",301,616.121767241379,"Flower-visiting"
"SI",519,239.417025862069,"Butterfly"
"SI",524,48.792025862069,"Butterfly"
"SI",514,297.730603448276,"Butterfly"
"SI",516,224.684267241379,"Butterfly"
"SI",517,3571.75323275862,"Butterfly"
"SI",523,154.693965517241,"Butterfly"
"SI",513,85.5991379310345,"Butterfly"
"SI",525,401.034482758621,"Butterfly"
"SI",522,52.614224137931,"Butterfly"
"SI",495,20.8706896551724,"Seed-feeding bird"
"SI",496,171.604525862069,"Seed-feeding bird"
"SI",497,17.3922413793103,"Seed-feeding bird"
"SI",498,481.276939655172,"Seed-feeding bird"
"SI",499,53.9310344827586,"Seed-feeding bird"
"SI",500,167.287715517241,"Seed-feeding bird"
"SI",501,314.528017241379,"Seed-feeding bird"
"SI",502,63.1778017241379,"Seed-feeding bird"
"SI",503,60.7209051724138,"Seed-feeding bird"
"SI",504,67.9493534482759,"Seed-feeding bird"
"SI",505,3,"Seed-feeding bird"
"SI",124,2767,"Flower-visiting"
"SI",236,238,"Flower-visiting"
"SI",127,476,"Flower-visiting"
"SI",231,1205,"Flower-visiting"
"SI",362,52906,"Aphid"
"SI",464,13385,"Leaf-miner parasitoid"
"SI",396,17846,"Leaf-miner parasitoid"
"SI",287,238,"Flower-visiting"
"SI",270,238,"Flower-visiting"
"SI",306,476,"Flower-visiting"
"SI",305,238,"Flower-visiting"
"SI",197,476,"Flower-visiting"
"SI",224,238,"Flower-visiting"
"SI",129,238,"Flower-visiting"
"SI",101,476,"Flower-visiting"
"SI",299,238,"Flower-visiting"
"SI",291,238,"Flower-visiting"
"SI",327,238,"Flower-visiting"
"SI",113,238,"Flower-visiting"
"SI",171,238,"Flower-visiting"
"SI",213,238,"Flower-visiting"
"SI",320,1205,"Flower-visiting"
"SI",284,1205,"Flower-visiting"
"SI",313,1606,"Flower-visiting"
"SI",314,1205,"Flower-visiting"
"SI",515,35,"Butterfly"
"SI",122,605,"Flower-visiting"
"SI",277,302,"Flower-visiting"
"SI",188,302,"Flower-visiting"
"SI",211,302,"Flower-visiting"
"SI",315,302,"Flower-visiting"
"SI",355,194926,"Aphid"
"SI",371,6722,"Primary aphid parasitoid"
"SI",189,302,"Flower-visiting"
"SI",265,302,"Flower-visiting"
"SI",300,302,"Flower-visiting"
"SI",150,302,"Flower-visiting"
"SI",165,302,"Flower-visiting"
"SI",109,302,"Flower-visiting"
"I",11,2150.37931034483,"Plant"
"I",77,961.551724137931,"Plant"
"I",78,361.310344827586,"Plant"
"I",26,24796.3793103448,"Plant"
"I",20,349.655172413793,"Plant"
"I",76,130.73275862069,"Plant"
"I",61,9414.46551724138,"Plant"
"I",95,815.862068965517,"Crop"
"I",99,460.379310344828,"Crop"
"I",28,6180.15517241379,"Plant"
"I",98,92.9655172413793,"Crop"
"I",66,10.1681034482759,"Plant"
"I",38,1923.10344827586,"Plant"
"I",97,80.3793103448276,"Crop"
"I",44,6043.20689655172,"Plant"
"I",19,451.637931034483,"Plant"
"I",33,693.48275862069,"Plant"
"I",358,110548611.034483,"Aphid"
"I",343,671456382.551724,"Aphid"
"I",361,1968343,"Aphid"
"I",341,36304614.9655172,"Aphid"
"I",14,4807.75862068966,"Plant"
"I",86,95.8706896551724,"Plant"
"I",64,652.689655172414,"Plant"
"I",17,255.655172413793,"Plant"
"I",94,23.9838362068966,"Crop"
"I",96,31.9784482758621,"Crop"
"I",482,170159.689655172,"Seed-feeding insect"
"I",483,738075.448275862,"Seed-feeding insect"
"I",486,2361839.10344828,"Seed-feeding insect"
"I",4,95.8706896551724,"Plant"
"I",5,319.568965517241,"Plant"
"I",7,836.258620689655,"Plant"
"I",12,296.327586206897,"Plant"
"I",30,38.4245689655172,"Plant"
"I",36,90.0603448275862,"Plant"
"I",39,26.6487068965517,"Plant"
"I",47,74.6379310344828,"Plant"
"I",49,1,"Plant"
"I",57,249.844827586207,"Plant"
"I",59,66.0258620689655,"Plant"
"I",67,340.913793103448,"Plant"
"I",72,235.318965517241,"Plant"
"I",80,571.103448275862,"Plant"
"I",82,60.2844827586207,"Plant"
"I",62,38.4245689655172,"Plant"
"I",24,38.4245689655172,"Plant"
"I",32,168.5,"Plant"
"I",91,156.879310344828,"Plant"
"I",8,31.9784482758621,"Plant"
"I",13,94.7327586206897,"Plant"
"I",16,244.034482758621,"Plant"
"I",23,57.4137931034483,"Plant"
"I",41,91.8620689655172,"Plant"
"I",45,51.6724137931035,"Plant"
"I",46,26.6487068965517,"Plant"
"I",48,68.8965517241379,"Plant"
"I",51,90.0603448275862,"Plant"
"I",56,20.3362068965517,"Plant"
"I",81,7.6260775862069,"Plant"
"I",105,1089.75862068966,"Flower-visiting"
"I",317,8144.05172413793,"Flower-visiting"
"I",202,1089.75862068966,"Flower-visiting"
"I",123,5512.89655172414,"Flower-visiting"
"I",183,1089.75862068966,"Flower-visiting"
"I",126,4895.1724137931,"Flower-visiting"
"I",318,10795.6034482759,"Flower-visiting"
"I",276,2814.72413793103,"Flower-visiting"
"I",144,1089.75862068966,"Flower-visiting"
"I",322,1086.53448275862,"Flower-visiting"
"I",279,1124.72413793103,"Flower-visiting"
"I",278,1124.72413793103,"Flower-visiting"
"I",190,2246.53448275862,"Flower-visiting"
"I",186,1987.20689655172,"Flower-visiting"
"I",282,1124.72413793103,"Flower-visiting"
"I",203,1124.72413793103,"Flower-visiting"
"I",232,4839.81034482759,"Flower-visiting"
"I",295,1660.86206896552,"Flower-visiting"
"I",112,24910.0172413793,"Flower-visiting"
"I",349,5857269.01724138,"Aphid"
"I",363,16641333.8448276,"Aphid"
"I",348,1930355.87931034,"Aphid"
"I",354,395002.534482759,"Aphid"
"I",357,1573483.24137931,"Aphid"
"I",351,1824145.29310345,"Aphid"
"I",344,121015.655172414,"Aphid"
"I",376,525219.948275862,"Secondary aphid parasitoid"
"I",377,825582.482758621,"Secondary aphid parasitoid"
"I",368,216794.948275862,"Primary aphid parasitoid"
"I",367,72608.8103448276,"Primary aphid parasitoid"
"I",378,143043.931034483,"Secondary aphid parasitoid"
"I",374,382575.206896552,"Primary aphid parasitoid"
"I",369,275073.724137931,"Primary aphid parasitoid"
"I",365,357609.827586207,"Primary aphid parasitoid"
"I",381,1172903.70689655,"Secondary aphid parasitoid"
"I",380,95723.9310344828,"Secondary aphid parasitoid"
"I",370,288698.620689655,"Primary aphid parasitoid"
"I",372,24965.3793103448,"Primary aphid parasitoid"
"I",445,1452284.01724138,"Leaf-miner parasitoid"
"I",438,189076.034482759,"Leaf-miner parasitoid"
"I",422,128361.327586207,"Leaf-miner parasitoid"
"I",467,109616.896551724,"Leaf-miner parasitoid"
"I",470,249860.672413793,"Leaf-miner parasitoid"
"I",421,75411.8793103448,"Leaf-miner parasitoid"
"I",439,20856.9310344828,"Leaf-miner parasitoid"
"I",469,120558.189655172,"Leaf-miner parasitoid"
"I",412,44968.5689655172,"Leaf-miner parasitoid"
"I",417,54554.9482758621,"Leaf-miner parasitoid"
"I",471,44968.5689655172,"Leaf-miner parasitoid"
"I",437,99756.6206896552,"Leaf-miner parasitoid"
"I",447,62573.7068965517,"Leaf-miner parasitoid"
"I",415,398840,"Leaf-miner parasitoid"
"I",410,59416.5862068966,"Leaf-miner parasitoid"
"I",463,38345.5172413793,"Leaf-miner parasitoid"
"I",435,19172.7586206897,"Leaf-miner parasitoid"
"I",425,56075.9482758621,"Leaf-miner parasitoid"
"I",455,30833.7586206897,"Leaf-miner parasitoid"
"I",458,11661,"Leaf-miner parasitoid"
"I",440,46644,"Leaf-miner parasitoid"
"I",419,11661,"Leaf-miner parasitoid"
"I",429,10664.8125,"Leaf-miner parasitoid"
"I",457,21329.625,"Leaf-miner parasitoid"
"I",433,82594.3793103448,"Leaf-miner parasitoid"
"I",441,11270.5517241379,"Leaf-miner parasitoid"
"I",389,22544.0172413793,"Leaf-miner parasitoid"
"I",397,9586.37931034483,"Leaf-miner parasitoid"
"I",465,20856.9310344828,"Leaf-miner parasitoid"
"I",430,9586.37931034483,"Leaf-miner parasitoid"
"I",401,63421.6206896552,"Leaf-miner parasitoid"
"I",394,19172.7586206897,"Leaf-miner parasitoid"
"I",390,9586.37931034483,"Leaf-miner parasitoid"
"I",426,9586.37931034483,"Leaf-miner parasitoid"
"I",534,18453.0517241379,"Insect seed-feeder parasitoid"
"I",540,18453.0517241379,"Insect seed-feeder parasitoid"
"I",508,1162.60344827586,"Seed-feeding rodent"
"I",326,1089.75862068966,"Flower-visiting"
"I",259,8540.3275862069,"Flower-visiting"
"I",308,1089.75862068966,"Flower-visiting"
"I",179,40023.8620689655,"Flower-visiting"
"I",164,17768.3103448276,"Flower-visiting"
"I",141,1089.75862068966,"Flower-visiting"
"I",193,1073.63793103448,"Flower-visiting"
"I",166,1089.75862068966,"Flower-visiting"
"I",228,1089.75862068966,"Flower-visiting"
"I",198,1089.75862068966,"Flower-visiting"
"I",128,1124.72413793103,"Flower-visiting"
"I",264,2246.53448275862,"Flower-visiting"
"I",244,5515.81034482759,"Flower-visiting"
"I",303,2092.10344827586,"Flower-visiting"
"I",247,1124.72413793103,"Flower-visiting"
"I",196,5032.12068965517,"Flower-visiting"
"I",131,2144.55172413793,"Flower-visiting"
"I",138,6914.43103448276,"Flower-visiting"
"I",248,2144.55172413793,"Flower-visiting"
"I",237,2587.44827586207,"Flower-visiting"
"I",286,862.48275862069,"Flower-visiting"
"I",209,862.48275862069,"Flower-visiting"
"I",285,1014,"Flower-visiting"
"I",181,955.125,"Flower-visiting"
"I",249,3639.3275862069,"Flower-visiting"
"I",302,1014,"Flower-visiting"
"I",252,1014,"Flower-visiting"
"I",250,1014,"Flower-visiting"
"I",173,4047.25862068966,"Flower-visiting"
"I",132,4047.25862068966,"Flower-visiting"
"I",223,1045.86206896552,"Flower-visiting"
"I",255,3149.81034482759,"Flower-visiting"
"I",142,1048.96551724138,"Flower-visiting"
"I",143,1048.96551724138,"Flower-visiting"
"I",222,1048.96551724138,"Flower-visiting"
"I",158,1048.96551724138,"Flower-visiting"
"I",170,1048.96551724138,"Flower-visiting"
"I",266,1048.96551724138,"Flower-visiting"
"I",140,2622.41379310345,"Flower-visiting"
"I",304,1048.96551724138,"Flower-visiting"
"I",301,970.293103448276,"Flower-visiting"
"I",519,322.474137931034,"Butterfly"
"I",524,77.5086206896552,"Butterfly"
"I",514,413.758620689655,"Butterfly"
"I",516,299.23275862069,"Butterfly"
"I",517,2747.70689655172,"Butterfly"
"I",523,244.034482758621,"Butterfly"
"I",513,80.3793103448276,"Butterfly"
"I",525,466.206896551724,"Butterfly"
"I",522,29.3135775862069,"Butterfly"
"I",495,15.2521551724138,"Seed-feeding bird"
"I",496,153.974137931034,"Seed-feeding bird"
"I",497,12.7101293103448,"Seed-feeding bird"
"I",498,364.224137931034,"Seed-feeding bird"
"I",499,44.948275862069,"Seed-feeding bird"
"I",500,159.784482758621,"Seed-feeding bird"
"I",501,378.793103448276,"Seed-feeding bird"
"I",502,71.7672413793103,"Seed-feeding bird"
"I",503,48.801724137931,"Seed-feeding bird"
"I",504,60.2844827586207,"Seed-feeding bird"
"I",505,1,"Seed-feeding bird"
"IN",95,815.862068965517,"Crop"
"IN",99,460.379310344828,"Crop"
"IN",98,92.9655172413793,"Crop"
"IN",97,80.3793103448276,"Crop"
"IN",358,110548611.034483,"Aphid"
"IN",94,23.9838362068966,"Crop"
"IN",96,31.9784482758621,"Crop"
"IN",126,4895.1724137931,"Flower-visiting"
"IN",295,1660.86206896552,"Flower-visiting"
"IN",112,24910.0172413793,"Flower-visiting"
"IN",351,1824145.29310345,"Aphid"
"IN",376,525219.948275862,"Secondary aphid parasitoid"
"IN",377,825582.482758621,"Secondary aphid parasitoid"
"IN",368,216794.948275862,"Primary aphid parasitoid"
"IN",367,72608.8103448276,"Primary aphid parasitoid"
"IN",378,143043.931034483,"Secondary aphid parasitoid"
"IN",374,382575.206896552,"Primary aphid parasitoid"
"IN",369,275073.724137931,"Primary aphid parasitoid"
"IN",365,357609.827586207,"Primary aphid parasitoid"
"IN",381,1172903.70689655,"Secondary aphid parasitoid"
"IN",380,95723.9310344828,"Secondary aphid parasitoid"
"IN",370,288698.620689655,"Primary aphid parasitoid"
"IN",445,1452284.01724138,"Leaf-miner parasitoid"
"IN",438,189076.034482759,"Leaf-miner parasitoid"
"IN",422,128361.327586207,"Leaf-miner parasitoid"
"IN",470,249860.672413793,"Leaf-miner parasitoid"
"IN",469,120558.189655172,"Leaf-miner parasitoid"
"IN",412,44968.5689655172,"Leaf-miner parasitoid"
"IN",429,10664.8125,"Leaf-miner parasitoid"
"IN",457,21329.625,"Leaf-miner parasitoid"
"IN",508,1162.60344827586,"Seed-feeding rodent"
"IN",196,5032.12068965517,"Flower-visiting"
"IN",514,413.758620689655,"Butterfly"
"IN",516,299.23275862069,"Butterfly"
"IN",523,244.034482758621,"Butterfly"
"IN",495,15.2521551724138,"Seed-feeding bird"
"IN",496,153.974137931034,"Seed-feeding bird"
"IN",497,12.7101293103448,"Seed-feeding bird"
"IN",498,364.224137931034,"Seed-feeding bird"
"IN",499,44.948275862069,"Seed-feeding bird"
"IN",500,159.784482758621,"Seed-feeding bird"
"IN",501,378.793103448276,"Seed-feeding bird"
"IN",502,71.7672413793103,"Seed-feeding bird"
"IN",503,48.801724137931,"Seed-feeding bird"
"IN",504,60.2844827586207,"Seed-feeding bird"
"IN",505,1,"Seed-feeding bird"
